rank,client,accuracy,cumulative_fraction
1,f2146_84,0.849057,0.000279
2,f2230_67,0.866667,0.000559
3,f3642_03,0.882353,0.000838
4,f2564_59,0.886364,0.001117
5,f2422_85,0.888889,0.001397
6,f3195_04,0.888889,0.001676
7,f3613_20,0.888889,0.001955
8,f2248_68,0.900000,0.002235
9,f2238_86,0.903846,0.002514
10,f2145_89,0.904762,0.002793
11,f2503_57,0.907407,0.003073
12,f3826_07,0.909091,0.003352
13,f2213_72,0.910714,0.003631
14,f1674_35,0.911765,0.003911
15,f1221_17,0.914286,0.004190
16,f3181_10,0.916667,0.004469
17,f2330_95,0.918367,0.004749
18,f2438_76,0.923077,0.005028
19,f3151_13,0.923077,0.005307
20,f2297_69,0.924528,0.005587
21,f3643_29,0.924528,0.005866
22,f0817_40,0.925000,0.006145
23,f2524_58,0.925000,0.006425
24,f2596_86,0.925926,0.006704
25,f0048_00,0.928571,0.006983
26,f0624_32,0.928571,0.007263
27,f0719_05,0.928571,0.007542
28,f1641_09,0.928571,0.007821
29,f3539_44,0.929825,0.008101
30,f1322_16,0.931034,0.008380
31,f2307_62,0.931818,0.008659
32,f2472_83,0.931818,0.008939
33,f0324_42,0.933333,0.009218
34,f1209_31,0.933333,0.009497
35,f2344_86,0.933333,0.009777
36,f0941_49,0.935484,0.010056
37,f2598_92,0.936170,0.010335
38,f3457_40,0.937500,0.010615
39,f2403_71,0.938776,0.010894
40,f2127_59,0.940000,0.011173
41,f2250_52,0.941176,0.011453
42,f1526_31,0.942308,0.011732
43,f2150_52,0.942308,0.012011
44,f2319_77,0.942308,0.012291
45,f3463_16,0.942308,0.012570
46,f3121_43,0.943396,0.012849
47,f3737_46,0.943396,0.013128
48,f3240_48,0.944444,0.013408
49,f3309_37,0.944444,0.013687
50,f3557_12,0.944444,0.013966
51,f2377_66,0.945455,0.014246
52,f3572_03,0.945455,0.014525
53,f2370_67,0.946429,0.014804
54,f3171_30,0.946429,0.015084
55,f3462_15,0.946429,0.015363
56,f2158_68,0.947368,0.015642
57,f2566_51,0.947368,0.015922
58,f3156_26,0.947368,0.016201
59,f3220_48,0.947368,0.016480
60,f2110_56,0.948276,0.016760
61,f2164_60,0.948276,0.017039
62,f0474_10,0.948718,0.017318
63,f2232_76,0.948718,0.017598
64,f3439_44,0.949153,0.017877
65,f2322_80,0.950000,0.018156
66,f1772_12,0.951220,0.018436
67,f2254_72,0.952381,0.018715
68,f0120_29,0.954545,0.018994
69,f0291_06,0.954545,0.019274
70,f2249_75,0.954545,0.019553
71,f2304_67,0.954545,0.019832
72,f0589_20,0.955556,0.020112
73,f0340_05,0.956522,0.020391
74,f0394_00,0.956522,0.020670
75,f2067_38,0.956522,0.020950
76,f3384_26,0.956522,0.021229
77,f0619_33,0.958333,0.021508
78,f2205_74,0.958333,0.021788
79,f2220_72,0.958333,0.022067
80,f3353_33,0.958333,0.022346
81,f0611_34,0.959184,0.022626
82,f1714_49,0.959184,0.022905
83,f2550_79,0.959184,0.023184
84,f3129_16,0.959184,0.023464
85,f3658_27,0.959184,0.023743
86,f3839_11,0.959184,0.024022
87,f0023_08,0.960000,0.024302
88,f0131_03,0.960000,0.024581
89,f0236_17,0.960000,0.024860
90,f2219_62,0.960000,0.025140
91,f2328_92,0.960000,0.025419
92,f2352_97,0.960000,0.025698
93,f2593_72,0.960000,0.025978
94,f3293_30,0.960000,0.026257
95,f0061_45,0.960784,0.026536
96,f0221_37,0.960784,0.026816
97,f1254_34,0.960784,0.027095
98,f2312_87,0.960784,0.027374
99,f2399_85,0.960784,0.027654
100,f3125_02,0.960784,0.027933
101,f3640_13,0.960784,0.028212
102,f0363_43,0.961538,0.028492
103,f2211_73,0.961538,0.028771
104,f2325_86,0.961538,0.029050
105,f2333_98,0.961538,0.029330
106,f2444_84,0.961538,0.029609
107,f2590_60,0.961538,0.029888
108,f3344_26,0.961538,0.030168
109,f3739_34,0.961538,0.030447
110,f2141_85,0.962264,0.030726
111,f2163_51,0.962264,0.031006
112,f3178_23,0.962264,0.031285
113,f3201_07,0.962264,0.031564
114,f3476_46,0.962264,0.031844
115,f3670_40,0.962264,0.032123
116,f0504_29,0.962963,0.032402
117,f0593_46,0.962963,0.032682
118,f1519_36,0.962963,0.032961
119,f1854_17,0.962963,0.033240
120,f2253_73,0.962963,0.033520
121,f2272_85,0.962963,0.033799
122,f2277_92,0.962963,0.034078
123,f2508_71,0.962963,0.034358
124,f2548_84,0.962963,0.034637
125,f2572_63,0.962963,0.034916
126,f3187_33,0.962963,0.035196
127,f3200_41,0.962963,0.035475
128,f3320_18,0.962963,0.035754
129,f3467_12,0.962963,0.036034
130,f4060_46,0.962963,0.036313
131,f0531_48,0.963636,0.036592
132,f2392_80,0.963636,0.036872
133,f3318_25,0.963636,0.037151
134,f3492_35,0.963636,0.037430
135,f3707_32,0.963636,0.037709
136,f0153_35,0.964286,0.037989
137,f0436_17,0.964286,0.038268
138,f1068_20,0.964286,0.038547
139,f1750_06,0.964286,0.038827
140,f2242_91,0.964286,0.039106
141,f0045_12,0.964912,0.039385
142,f0629_39,0.964912,0.039665
143,f2234_78,0.964912,0.039944
144,f3503_07,0.964912,0.040223
145,f3522_46,0.964912,0.040503
146,f0416_07,0.965517,0.040782
147,f2375_61,0.965517,0.041061
148,f3578_27,0.965517,0.041341
149,f2255_70,0.966102,0.041620
150,f2470_80,0.966102,0.041899
151,f3891_31,0.966102,0.042179
152,f0447_21,0.966667,0.042458
153,f1476_39,0.966667,0.042737
154,f0140_09,0.967742,0.043017
155,f0232_28,0.967742,0.043296
156,f1280_21,0.967742,0.043575
157,f1348_27,0.967742,0.043855
158,f1675_40,0.967742,0.044134
159,f0790_06,0.968750,0.044413
160,f1384_42,0.969697,0.044693
161,f2077_16,0.969697,0.044972
162,f0990_06,0.970588,0.045251
163,f3296_35,0.970588,0.045531
164,f2080_34,0.971429,0.045810
165,f3797_07,0.971429,0.046089
166,f3901_45,0.971429,0.046369
167,f0067_25,0.972222,0.046648
168,f0915_03,0.972222,0.046927
169,f2559_95,0.972222,0.047207
170,f0269_21,0.972973,0.047486
171,f2225_86,0.972973,0.047765
172,f0452_37,0.973684,0.048045
173,f0553_03,0.973684,0.048324
174,f0642_27,0.973684,0.048603
175,f1307_25,0.973684,0.048883
176,f1898_09,0.973684,0.049162
177,f3920_08,0.973684,0.049441
178,f0727_27,0.974359,0.049721
179,f1085_29,0.974359,0.050000
180,f1245_39,0.974359,0.050279
181,f1672_35,0.974359,0.050559
182,f2043_25,0.974359,0.050838
183,f2153_90,0.974359,0.051117
184,f0972_43,0.975000,0.051397
185,f1067_20,0.975000,0.051676
186,f1438_26,0.975000,0.051955
187,f2169_69,0.975000,0.052235
188,f2199_64,0.975000,0.052514
189,f0477_46,0.975610,0.052793
190,f1066_29,0.975610,0.053073
191,f1162_15,0.975610,0.053352
192,f2309_54,0.975610,0.053631
193,f0352_09,0.976190,0.053911
194,f0440_17,0.976190,0.054190
195,f0582_44,0.976190,0.054469
196,f0607_27,0.976190,0.054749
197,f1580_14,0.976190,0.055028
198,f3269_06,0.976190,0.055307
199,f0356_41,0.976744,0.055587
200,f0529_06,0.976744,0.055866
201,f0776_08,0.976744,0.056145
202,f0932_44,0.976744,0.056425
203,f0992_04,0.976744,0.056704
204,f1416_00,0.976744,0.056983
205,f2137_90,0.976744,0.057263
206,f2149_81,0.976744,0.057542
207,f2295_67,0.976744,0.057821
208,f2400_61,0.976744,0.058101
209,f2575_67,0.976744,0.058380
210,f3519_18,0.976744,0.058659
211,f0039_14,0.977273,0.058939
212,f0114_20,0.977273,0.059218
213,f0179_22,0.977273,0.059497
214,f0655_10,0.977273,0.059777
215,f0685_40,0.977273,0.060056
216,f0724_37,0.977273,0.060335
217,f0753_05,0.977273,0.060615
218,f0779_27,0.977273,0.060894
219,f0807_16,0.977273,0.061173
220,f2486_95,0.977273,0.061453
221,f3538_29,0.977273,0.061732
222,f3715_44,0.977273,0.062011
223,f4098_19,0.977273,0.062291
224,f0288_48,0.977778,0.062570
225,f0858_32,0.977778,0.062849
226,f0916_49,0.977778,0.063128
227,f1660_07,0.977778,0.063408
228,f1805_13,0.977778,0.063687
229,f1839_31,0.977778,0.063966
230,f2062_39,0.977778,0.064246
231,f2367_63,0.977778,0.064525
232,f2431_93,0.977778,0.064804
233,f2491_71,0.977778,0.065084
234,f0091_26,0.978261,0.065363
235,f0103_28,0.978261,0.065642
236,f0192_22,0.978261,0.065922
237,f0470_37,0.978261,0.066201
238,f0997_34,0.978261,0.066480
239,f2065_28,0.978261,0.066760
240,f2170_68,0.978261,0.067039
241,f3636_24,0.978261,0.067318
242,f4050_05,0.978261,0.067598
243,f0123_28,0.978723,0.067877
244,f0407_39,0.978723,0.068156
245,f0518_02,0.978723,0.068436
246,f1328_01,0.978723,0.068715
247,f1504_10,0.978723,0.068994
248,f1570_40,0.978723,0.069274
249,f1710_15,0.978723,0.069553
250,f1894_39,0.978723,0.069832
251,f2005_01,0.978723,0.070112
252,f2381_54,0.978723,0.070391
253,f2415_79,0.978723,0.070670
254,f3334_16,0.978723,0.070950
255,f3731_07,0.978723,0.071229
256,f0223_49,0.979167,0.071508
257,f0750_18,0.979167,0.071788
258,f0763_30,0.979167,0.072067
259,f2162_62,0.979167,0.072346
260,f2227_89,0.979167,0.072626
261,f2270_87,0.979167,0.072905
262,f2288_58,0.979167,0.073184
263,f2316_50,0.979167,0.073464
264,f2362_73,0.979167,0.073743
265,f2436_53,0.979167,0.074022
266,f2499_74,0.979167,0.074302
267,f3116_03,0.979167,0.074581
268,f3301_38,0.979167,0.074860
269,f3881_31,0.979167,0.075140
270,f4058_09,0.979167,0.075419
271,f0075_46,0.979592,0.075698
272,f0106_05,0.979592,0.075978
273,f0313_43,0.979592,0.076257
274,f0612_11,0.979592,0.076536
275,f0822_30,0.979592,0.076816
276,f1776_35,0.979592,0.077095
277,f1826_01,0.979592,0.077374
278,f1846_45,0.979592,0.077654
279,f2053_20,0.979592,0.077933
280,f2126_57,0.979592,0.078212
281,f2165_54,0.979592,0.078492
282,f2196_58,0.979592,0.078771
283,f2317_76,0.979592,0.079050
284,f2347_58,0.979592,0.079330
285,f2390_87,0.979592,0.079609
286,f2533_94,0.979592,0.079888
287,f3104_25,0.979592,0.080168
288,f3146_14,0.979592,0.080447
289,f3550_07,0.979592,0.080726
290,f3694_44,0.979592,0.081006
291,f3830_48,0.979592,0.081285
292,f0181_31,0.980000,0.081564
293,f0235_17,0.980000,0.081844
294,f0511_03,0.980000,0.082123
295,f0683_02,0.980000,0.082402
296,f0791_04,0.980000,0.082682
297,f1496_39,0.980000,0.082961
298,f1524_26,0.980000,0.083240
299,f1668_08,0.980000,0.083520
300,f1978_04,0.980000,0.083799
301,f2001_42,0.980000,0.084078
302,f2128_52,0.980000,0.084358
303,f2222_84,0.980000,0.084637
304,f2275_90,0.980000,0.084916
305,f2552_82,0.980000,0.085196
306,f3105_03,0.980000,0.085475
307,f3233_02,0.980000,0.085754
308,f3236_26,0.980000,0.086034
309,f3295_35,0.980000,0.086313
310,f3412_27,0.980000,0.086592
311,f3566_36,0.980000,0.086872
312,f3711_08,0.980000,0.087151
313,f3956_26,0.980000,0.087430
314,f4044_44,0.980000,0.087709
315,f4093_35,0.980000,0.087989
316,f0523_42,0.980392,0.088268
317,f0587_34,0.980392,0.088547
318,f0599_04,0.980392,0.088827
319,f0647_19,0.980392,0.089106
320,f1035_22,0.980392,0.089385
321,f1516_46,0.980392,0.089665
322,f1817_18,0.980392,0.089944
323,f1824_18,0.980392,0.090223
324,f1901_07,0.980392,0.090503
325,f1933_13,0.980392,0.090782
326,f1991_47,0.980392,0.091061
327,f2030_28,0.980392,0.091341
328,f2115_77,0.980392,0.091620
329,f2208_81,0.980392,0.091899
330,f2231_55,0.980392,0.092179
331,f2244_94,0.980392,0.092458
332,f2306_63,0.980392,0.092737
333,f2359_72,0.980392,0.093017
334,f2445_82,0.980392,0.093296
335,f3119_39,0.980392,0.093575
336,f3157_23,0.980392,0.093855
337,f3270_11,0.980392,0.094134
338,f3284_38,0.980392,0.094413
339,f3313_11,0.980392,0.094693
340,f3317_25,0.980392,0.094972
341,f3423_29,0.980392,0.095251
342,f3531_27,0.980392,0.095531
343,f3534_47,0.980392,0.095810
344,f3575_04,0.980392,0.096089
345,f3698_01,0.980392,0.096369
346,f3791_09,0.980392,0.096648
347,f3880_29,0.980392,0.096927
348,f3910_30,0.980392,0.097207
349,f3980_34,0.980392,0.097486
350,f4039_48,0.980392,0.097765
351,f4083_30,0.980392,0.098045
352,f4086_36,0.980392,0.098324
353,f0136_18,0.980769,0.098603
354,f0266_14,0.980769,0.098883
355,f0626_23,0.980769,0.099162
356,f0828_34,0.980769,0.099441
357,f0933_38,0.980769,0.099721
358,f0947_41,0.980769,0.100000
359,f1333_48,0.980769,0.100279
360,f1679_05,0.980769,0.100559
361,f2086_25,0.980769,0.100838
362,f2098_02,0.980769,0.101117
363,f2132_69,0.980769,0.101397
364,f2157_61,0.980769,0.101676
365,f2246_93,0.980769,0.101955
366,f2274_95,0.980769,0.102235
367,f2314_53,0.980769,0.102514
368,f2360_75,0.980769,0.102793
369,f2397_92,0.980769,0.103073
370,f2405_90,0.980769,0.103352
371,f2490_91,0.980769,0.103631
372,f2507_78,0.980769,0.103911
373,f2567_60,0.980769,0.104190
374,f2574_64,0.980769,0.104469
375,f2587_73,0.980769,0.104749
376,f2597_88,0.980769,0.105028
377,f3221_05,0.980769,0.105307
378,f3287_41,0.980769,0.105587
379,f3311_03,0.980769,0.105866
380,f3409_20,0.980769,0.106145
381,f3422_32,0.980769,0.106425
382,f3630_14,0.980769,0.106704
383,f3690_41,0.980769,0.106983
384,f3935_48,0.980769,0.107263
385,f4061_16,0.980769,0.107542
386,f0191_22,0.981132,0.107821
387,f0442_00,0.981132,0.108101
388,f0784_30,0.981132,0.108380
389,f0833_32,0.981132,0.108659
390,f1613_27,0.981132,0.108939
391,f1791_04,0.981132,0.109218
392,f2140_77,0.981132,0.109497
393,f2195_64,0.981132,0.109777
394,f2252_75,0.981132,0.110056
395,f2299_91,0.981132,0.110335
396,f2380_76,0.981132,0.110615
397,f2388_79,0.981132,0.110894
398,f2419_83,0.981132,0.111173
399,f2469_50,0.981132,0.111453
400,f2475_66,0.981132,0.111732
401,f2531_92,0.981132,0.112011
402,f2545_52,0.981132,0.112291
403,f3173_48,0.981132,0.112570
404,f3206_45,0.981132,0.112849
405,f3211_20,0.981132,0.113128
406,f3257_17,0.981132,0.113408
407,f3358_28,0.981132,0.113687
408,f3398_06,0.981132,0.113966
409,f3436_22,0.981132,0.114246
410,f3506_22,0.981132,0.114525
411,f3559_23,0.981132,0.114804
412,f3665_22,0.981132,0.115084
413,f4063_09,0.981132,0.115363
414,f0585_26,0.981481,0.115642
415,f0667_05,0.981481,0.115922
416,f0679_42,0.981481,0.116201
417,f0841_10,0.981481,0.116480
418,f1064_32,0.981481,0.116760
419,f1281_28,0.981481,0.117039
420,f1511_41,0.981481,0.117318
421,f1588_11,0.981481,0.117598
422,f1622_16,0.981481,0.117877
423,f2221_70,0.981481,0.118156
424,f2261_76,0.981481,0.118436
425,f2348_56,0.981481,0.118715
426,f2383_60,0.981481,0.118994
427,f2391_85,0.981481,0.119274
428,f2411_88,0.981481,0.119553
429,f2479_65,0.981481,0.119832
430,f2509_53,0.981481,0.120112
431,f2515_57,0.981481,0.120391
432,f3205_40,0.981481,0.120670
433,f3232_11,0.981481,0.120950
434,f3326_06,0.981481,0.121229
435,f3374_38,0.981481,0.121508
436,f3464_12,0.981481,0.121788
437,f3507_42,0.981481,0.122067
438,f3592_19,0.981481,0.122346
439,f3728_28,0.981481,0.122626
440,f0057_20,0.981818,0.122905
441,f0310_32,0.981818,0.123184
442,f0868_03,0.981818,0.123464
443,f1211_04,0.981818,0.123743
444,f1274_24,0.981818,0.124022
445,f1326_12,0.981818,0.124302
446,f1678_19,0.981818,0.124581
447,f2026_32,0.981818,0.124860
448,f2181_63,0.981818,0.125140
449,f2264_82,0.981818,0.125419
450,f2284_51,0.981818,0.125698
451,f2332_97,0.981818,0.125978
452,f2358_71,0.981818,0.126257
453,f2386_82,0.981818,0.126536
454,f2389_86,0.981818,0.126816
455,f2396_91,0.981818,0.127095
456,f2461_99,0.981818,0.127374
457,f2471_82,0.981818,0.127654
458,f2483_64,0.981818,0.127933
459,f2576_66,0.981818,0.128212
460,f3158_03,0.981818,0.128492
461,f3250_14,0.981818,0.128771
462,f3281_27,0.981818,0.129050
463,f3352_39,0.981818,0.129330
464,f3357_06,0.981818,0.129609
465,f3478_49,0.981818,0.129888
466,f3484_17,0.981818,0.130168
467,f3516_45,0.981818,0.130447
468,f3558_12,0.981818,0.130726
469,f3651_18,0.981818,0.131006
470,f3804_08,0.981818,0.131285
471,f3852_32,0.981818,0.131564
472,f3874_15,0.981818,0.131844
473,f3984_32,0.981818,0.132123
474,f0152_02,0.982143,0.132402
475,f0263_31,0.982143,0.132682
476,f0450_41,0.982143,0.132961
477,f0693_40,0.982143,0.133240
478,f0726_09,0.982143,0.133520
479,f1774_40,0.982143,0.133799
480,f2111_87,0.982143,0.134078
481,f2135_53,0.982143,0.134358
482,f2144_67,0.982143,0.134637
483,f2172_67,0.982143,0.134916
484,f2193_99,0.982143,0.135196
485,f2194_63,0.982143,0.135475
486,f2216_66,0.982143,0.135754
487,f2228_87,0.982143,0.136034
488,f2292_70,0.982143,0.136313
489,f2353_70,0.982143,0.136592
490,f2354_87,0.982143,0.136872
491,f2409_51,0.982143,0.137151
492,f2510_55,0.982143,0.137430
493,f2514_50,0.982143,0.137709
494,f2530_91,0.982143,0.137989
495,f2541_99,0.982143,0.138268
496,f2582_70,0.982143,0.138547
497,f3159_16,0.982143,0.138827
498,f3160_19,0.982143,0.139106
499,f3212_36,0.982143,0.139385
500,f3349_22,0.982143,0.139665
501,f3367_07,0.982143,0.139944
502,f3402_08,0.982143,0.140223
503,f3428_02,0.982143,0.140503
504,f3469_10,0.982143,0.140782
505,f3510_43,0.982143,0.141061
506,f3564_08,0.982143,0.141341
507,f3577_03,0.982143,0.141620
508,f3590_03,0.982143,0.141899
509,f3632_10,0.982143,0.142179
510,f3718_40,0.982143,0.142458
511,f3879_35,0.982143,0.142737
512,f3897_45,0.982143,0.143017
513,f3911_34,0.982143,0.143296
514,f4016_16,0.982143,0.143575
515,f4036_01,0.982143,0.143855
516,f4045_31,0.982143,0.144134
517,f1473_30,0.982456,0.144413
518,f2052_11,0.982456,0.144693
519,f2184_98,0.982456,0.144972
520,f2273_84,0.982456,0.145251
521,f2351_74,0.982456,0.145531
522,f2394_84,0.982456,0.145810
523,f2425_91,0.982456,0.146089
524,f2454_73,0.982456,0.146369
525,f2467_77,0.982456,0.146648
526,f2520_64,0.982456,0.146927
527,f2527_72,0.982456,0.147207
528,f2555_88,0.982456,0.147486
529,f2562_90,0.982456,0.147765
530,f3153_49,0.982456,0.148045
531,f3164_09,0.982456,0.148324
532,f3219_49,0.982456,0.148603
533,f3241_49,0.982456,0.148883
534,f3259_15,0.982456,0.149162
535,f3419_33,0.982456,0.149441
536,f3483_16,0.982456,0.149721
537,f3582_25,0.982456,0.150000
538,f3677_29,0.982456,0.150279
539,f3717_48,0.982456,0.150559
540,f3777_32,0.982456,0.150838
541,f3780_30,0.982456,0.151117
542,f3849_21,0.982456,0.151397
543,f3993_05,0.982456,0.151676
544,f0332_15,0.982759,0.151955
545,f2263_79,0.982759,0.152235
546,f2335_52,0.982759,0.152514
547,f2420_84,0.982759,0.152793
548,f2513_56,0.982759,0.153073
549,f3138_46,0.982759,0.153352
550,f3143_04,0.982759,0.153631
551,f3209_08,0.982759,0.153911
552,f3225_26,0.982759,0.154190
553,f3400_08,0.982759,0.154469
554,f3508_31,0.982759,0.154749
555,f3532_39,0.982759,0.155028
556,f2073_06,0.983051,0.155307
557,f2106_66,0.983051,0.155587
558,f2113_94,0.983051,0.155866
559,f2131_73,0.983051,0.156145
560,f2214_70,0.983051,0.156425
561,f2303_66,0.983051,0.156704
562,f2540_95,0.983051,0.156983
563,f2581_72,0.983051,0.157263
564,f3193_08,0.983051,0.157542
565,f3327_11,0.983051,0.157821
566,f3341_29,0.983051,0.158101
567,f3364_36,0.983051,0.158380
568,f3543_29,0.983051,0.158659
569,f3609_24,0.983051,0.158939
570,f3729_27,0.983051,0.159218
571,f3824_05,0.983051,0.159497
572,f0532_09,0.983333,0.159777
573,f2305_60,0.983333,0.160056
574,f2340_80,0.983333,0.160335
575,f3210_22,0.983333,0.160615
576,f3243_44,0.983333,0.160894
577,f3328_45,0.983333,0.161173
578,f3365_46,0.983333,0.161453
579,f3456_33,0.983333,0.161732
580,f3611_14,0.983333,0.162011
581,f3861_21,0.983333,0.162291
582,f0000_14,1.000000,0.162570
583,f0001_41,1.000000,0.162849
584,f0002_01,1.000000,0.163128
585,f0003_42,1.000000,0.163408
586,f0004_09,1.000000,0.163687
587,f0005_26,1.000000,0.163966
588,f0006_12,1.000000,0.164246
589,f0007_14,1.000000,0.164525
590,f0008_45,1.000000,0.164804
591,f0009_06,1.000000,0.165084
592,f0010_18,1.000000,0.165363
593,f0011_13,1.000000,0.165642
594,f0012_39,1.000000,0.165922
595,f0013_38,1.000000,0.166201
596,f0014_19,1.000000,0.166480
597,f0015_48,1.000000,0.166760
598,f0016_39,1.000000,0.167039
599,f0017_07,1.000000,0.167318
600,f0018_13,1.000000,0.167598
601,f0019_38,1.000000,0.167877
602,f0020_08,1.000000,0.168156
603,f0021_34,1.000000,0.168436
604,f0022_10,1.000000,0.168715
605,f0024_24,1.000000,0.168994
606,f0025_13,1.000000,0.169274
607,f0026_17,1.000000,0.169553
608,f0027_29,1.000000,0.169832
609,f0028_05,1.000000,0.170112
610,f0029_05,1.000000,0.170391
611,f0030_12,1.000000,0.170670
612,f0031_02,1.000000,0.170950
613,f0032_27,1.000000,0.171229
614,f0033_49,1.000000,0.171508
615,f0034_08,1.000000,0.171788
616,f0035_19,1.000000,0.172067
617,f0036_39,1.000000,0.172346
618,f0037_16,1.000000,0.172626
619,f0038_42,1.000000,0.172905
620,f0040_25,1.000000,0.173184
621,f0041_30,1.000000,0.173464
622,f0042_43,1.000000,0.173743
623,f0043_10,1.000000,0.174022
624,f0044_12,1.000000,0.174302
625,f0046_20,1.000000,0.174581
626,f0047_00,1.000000,0.174860
627,f0049_32,1.000000,0.175140
628,f0050_10,1.000000,0.175419
629,f0051_42,1.000000,0.175698
630,f0052_42,1.000000,0.175978
631,f0053_23,1.000000,0.176257
632,f0054_14,1.000000,0.176536
633,f0055_09,1.000000,0.176816
634,f0056_01,1.000000,0.177095
635,f0058_07,1.000000,0.177374
636,f0059_21,1.000000,0.177654
637,f0060_43,1.000000,0.177933
638,f0062_25,1.000000,0.178212
639,f0063_38,1.000000,0.178492
640,f0064_04,1.000000,0.178771
641,f0065_00,1.000000,0.179050
642,f0066_37,1.000000,0.179330
643,f0068_00,1.000000,0.179609
644,f0069_14,1.000000,0.179888
645,f0070_14,1.000000,0.180168
646,f0071_21,1.000000,0.180447
647,f0072_36,1.000000,0.180726
648,f0073_45,1.000000,0.181006
649,f0074_07,1.000000,0.181285
650,f0076_06,1.000000,0.181564
651,f0077_13,1.000000,0.181844
652,f0078_48,1.000000,0.182123
653,f0079_06,1.000000,0.182402
654,f0080_14,1.000000,0.182682
655,f0081_26,1.000000,0.182961
656,f0082_40,1.000000,0.183240
657,f0083_09,1.000000,0.183520
658,f0084_19,1.000000,0.183799
659,f0085_01,1.000000,0.184078
660,f0086_47,1.000000,0.184358
661,f0087_24,1.000000,0.184637
662,f0088_22,1.000000,0.184916
663,f0089_16,1.000000,0.185196
664,f0090_10,1.000000,0.185475
665,f0092_16,1.000000,0.185754
666,f0093_24,1.000000,0.186034
667,f0094_41,1.000000,0.186313
668,f0095_41,1.000000,0.186592
669,f0096_45,1.000000,0.186872
670,f0097_05,1.000000,0.187151
671,f0098_33,1.000000,0.187430
672,f0099_18,1.000000,0.187709
673,f0100_42,1.000000,0.187989
674,f0101_44,1.000000,0.188268
675,f0102_31,1.000000,0.188547
676,f0104_43,1.000000,0.188827
677,f0105_03,1.000000,0.189106
678,f0107_06,1.000000,0.189385
679,f0108_12,1.000000,0.189665
680,f0109_19,1.000000,0.189944
681,f0110_48,1.000000,0.190223
682,f0111_36,1.000000,0.190503
683,f0112_07,1.000000,0.190782
684,f0113_31,1.000000,0.191061
685,f0115_34,1.000000,0.191341
686,f0116_23,1.000000,0.191620
687,f0117_11,1.000000,0.191899
688,f0118_07,1.000000,0.192179
689,f0119_44,1.000000,0.192458
690,f0121_11,1.000000,0.192737
691,f0122_45,1.000000,0.193017
692,f0124_11,1.000000,0.193296
693,f0125_02,1.000000,0.193575
694,f0126_41,1.000000,0.193855
695,f0127_07,1.000000,0.194134
696,f0128_00,1.000000,0.194413
697,f0129_32,1.000000,0.194693
698,f0130_28,1.000000,0.194972
699,f0132_17,1.000000,0.195251
700,f0133_23,1.000000,0.195531
701,f0134_33,1.000000,0.195810
702,f0135_03,1.000000,0.196089
703,f0137_14,1.000000,0.196369
704,f0138_30,1.000000,0.196648
705,f0139_23,1.000000,0.196927
706,f0141_43,1.000000,0.197207
707,f0142_39,1.000000,0.197486
708,f0143_00,1.000000,0.197765
709,f0144_05,1.000000,0.198045
710,f0145_33,1.000000,0.198324
711,f0146_33,1.000000,0.198603
712,f0147_13,1.000000,0.198883
713,f0148_21,1.000000,0.199162
714,f0149_15,1.000000,0.199441
715,f0150_25,1.000000,0.199721
716,f0151_02,1.000000,0.200000
717,f0154_34,1.000000,0.200279
718,f0155_13,1.000000,0.200559
719,f0156_09,1.000000,0.200838
720,f0157_12,1.000000,0.201117
721,f0158_20,1.000000,0.201397
722,f0159_14,1.000000,0.201676
723,f0160_11,1.000000,0.201955
724,f0161_16,1.000000,0.202235
725,f0162_02,1.000000,0.202514
726,f0163_13,1.000000,0.202793
727,f0164_32,1.000000,0.203073
728,f0165_04,1.000000,0.203352
729,f0166_12,1.000000,0.203631
730,f0167_33,1.000000,0.203911
731,f0168_36,1.000000,0.204190
732,f0169_09,1.000000,0.204469
733,f0170_40,1.000000,0.204749
734,f0171_26,1.000000,0.205028
735,f0172_40,1.000000,0.205307
736,f0173_00,1.000000,0.205587
737,f0174_06,1.000000,0.205866
738,f0175_47,1.000000,0.206145
739,f0176_30,1.000000,0.206425
740,f0177_16,1.000000,0.206704
741,f0178_39,1.000000,0.206983
742,f0180_29,1.000000,0.207263
743,f0182_29,1.000000,0.207542
744,f0183_22,1.000000,0.207821
745,f0184_49,1.000000,0.208101
746,f0185_23,1.000000,0.208380
747,f0186_14,1.000000,0.208659
748,f0187_18,1.000000,0.208939
749,f0188_36,1.000000,0.209218
750,f0189_49,1.000000,0.209497
751,f0190_12,1.000000,0.209777
752,f0193_48,1.000000,0.210056
753,f0194_30,1.000000,0.210335
754,f0195_27,1.000000,0.210615
755,f0196_10,1.000000,0.210894
756,f0197_34,1.000000,0.211173
757,f0198_18,1.000000,0.211453
758,f0199_01,1.000000,0.211732
759,f0200_38,1.000000,0.212011
760,f0201_34,1.000000,0.212291
761,f0202_09,1.000000,0.212570
762,f0203_21,1.000000,0.212849
763,f0204_21,1.000000,0.213128
764,f0205_15,1.000000,0.213408
765,f0206_38,1.000000,0.213687
766,f0207_46,1.000000,0.213966
767,f0208_05,1.000000,0.214246
768,f0209_30,1.000000,0.214525
769,f0210_17,1.000000,0.214804
770,f0211_26,1.000000,0.215084
771,f0212_24,1.000000,0.215363
772,f0213_49,1.000000,0.215642
773,f0214_05,1.000000,0.215922
774,f0215_32,1.000000,0.216201
775,f0216_26,1.000000,0.216480
776,f0217_16,1.000000,0.216760
777,f0218_04,1.000000,0.217039
778,f0219_48,1.000000,0.217318
779,f0220_49,1.000000,0.217598
780,f0222_06,1.000000,0.217877
781,f0224_06,1.000000,0.218156
782,f0225_20,1.000000,0.218436
783,f0226_08,1.000000,0.218715
784,f0227_27,1.000000,0.218994
785,f0228_36,1.000000,0.219274
786,f0229_10,1.000000,0.219553
787,f0230_04,1.000000,0.219832
788,f0231_43,1.000000,0.220112
789,f0233_14,1.000000,0.220391
790,f0234_16,1.000000,0.220670
791,f0237_46,1.000000,0.220950
792,f0238_02,1.000000,0.221229
793,f0239_15,1.000000,0.221508
794,f0240_02,1.000000,0.221788
795,f0241_46,1.000000,0.222067
796,f0242_22,1.000000,0.222346
797,f0243_29,1.000000,0.222626
798,f0244_47,1.000000,0.222905
799,f0245_40,1.000000,0.223184
800,f0246_12,1.000000,0.223464
801,f0247_12,1.000000,0.223743
802,f0248_43,1.000000,0.224022
803,f0249_46,1.000000,0.224302
804,f0250_37,1.000000,0.224581
805,f0251_00,1.000000,0.224860
806,f0252_30,1.000000,0.225140
807,f0253_40,1.000000,0.225419
808,f0254_46,1.000000,0.225698
809,f0255_48,1.000000,0.225978
810,f0256_08,1.000000,0.226257
811,f0257_46,1.000000,0.226536
812,f0258_41,1.000000,0.226816
813,f0259_41,1.000000,0.227095
814,f0260_38,1.000000,0.227374
815,f0261_06,1.000000,0.227654
816,f0262_15,1.000000,0.227933
817,f0264_18,1.000000,0.228212
818,f0265_39,1.000000,0.228492
819,f0267_24,1.000000,0.228771
820,f0268_19,1.000000,0.229050
821,f0270_23,1.000000,0.229330
822,f0271_05,1.000000,0.229609
823,f0272_13,1.000000,0.229888
824,f0273_27,1.000000,0.230168
825,f0274_49,1.000000,0.230447
826,f0275_17,1.000000,0.230726
827,f0276_07,1.000000,0.231006
828,f0277_33,1.000000,0.231285
829,f0278_07,1.000000,0.231564
830,f0279_03,1.000000,0.231844
831,f0280_20,1.000000,0.232123
832,f0281_47,1.000000,0.232402
833,f0282_04,1.000000,0.232682
834,f0283_31,1.000000,0.232961
835,f0284_34,1.000000,0.233240
836,f0285_23,1.000000,0.233520
837,f0286_16,1.000000,0.233799
838,f0287_15,1.000000,0.234078
839,f0289_10,1.000000,0.234358
840,f0290_29,1.000000,0.234637
841,f0292_16,1.000000,0.234916
842,f0293_40,1.000000,0.235196
843,f0294_18,1.000000,0.235475
844,f0295_17,1.000000,0.235754
845,f0296_20,1.000000,0.236034
846,f0297_05,1.000000,0.236313
847,f0298_13,1.000000,0.236592
848,f0299_33,1.000000,0.236872
849,f0300_24,1.000000,0.237151
850,f0301_33,1.000000,0.237430
851,f0302_47,1.000000,0.237709
852,f0303_00,1.000000,0.237989
853,f0304_23,1.000000,0.238268
854,f0305_08,1.000000,0.238547
855,f0306_35,1.000000,0.238827
856,f0307_12,1.000000,0.239106
857,f0308_10,1.000000,0.239385
858,f0309_42,1.000000,0.239665
859,f0311_48,1.000000,0.239944
860,f0312_43,1.000000,0.240223
861,f0314_27,1.000000,0.240503
862,f0315_31,1.000000,0.240782
863,f0316_21,1.000000,0.241061
864,f0317_44,1.000000,0.241341
865,f0318_44,1.000000,0.241620
866,f0319_32,1.000000,0.241899
867,f0320_41,1.000000,0.242179
868,f0321_36,1.000000,0.242458
869,f0322_19,1.000000,0.242737
870,f0323_17,1.000000,0.243017
871,f0325_17,1.000000,0.243296
872,f0326_35,1.000000,0.243575
873,f0327_43,1.000000,0.243855
874,f0328_12,1.000000,0.244134
875,f0329_34,1.000000,0.244413
876,f0330_09,1.000000,0.244693
877,f0331_41,1.000000,0.244972
878,f0333_01,1.000000,0.245251
879,f0334_01,1.000000,0.245531
880,f0335_14,1.000000,0.245810
881,f0336_37,1.000000,0.246089
882,f0337_24,1.000000,0.246369
883,f0338_35,1.000000,0.246648
884,f0339_11,1.000000,0.246927
885,f0341_00,1.000000,0.247207
886,f0342_31,1.000000,0.247486
887,f0343_35,1.000000,0.247765
888,f0344_25,1.000000,0.248045
889,f0345_23,1.000000,0.248324
890,f0346_40,1.000000,0.248603
891,f0347_04,1.000000,0.248883
892,f0348_46,1.000000,0.249162
893,f0349_40,1.000000,0.249441
894,f0350_03,1.000000,0.249721
895,f0351_22,1.000000,0.250000
896,f0353_18,1.000000,0.250279
897,f0354_10,1.000000,0.250559
898,f0355_32,1.000000,0.250838
899,f0357_21,1.000000,0.251117
900,f0358_32,1.000000,0.251397
901,f0359_05,1.000000,0.251676
902,f0360_15,1.000000,0.251955
903,f0361_07,1.000000,0.252235
904,f0362_44,1.000000,0.252514
905,f0364_10,1.000000,0.252793
906,f0365_07,1.000000,0.253073
907,f0366_08,1.000000,0.253352
908,f0367_33,1.000000,0.253631
909,f0368_39,1.000000,0.253911
910,f0369_34,1.000000,0.254190
911,f0370_20,1.000000,0.254469
912,f0371_24,1.000000,0.254749
913,f0372_33,1.000000,0.255028
914,f0373_35,1.000000,0.255307
915,f0374_13,1.000000,0.255587
916,f0375_07,1.000000,0.255866
917,f0376_05,1.000000,0.256145
918,f0377_25,1.000000,0.256425
919,f0378_12,1.000000,0.256704
920,f0379_10,1.000000,0.256983
921,f0380_37,1.000000,0.257263
922,f0381_28,1.000000,0.257542
923,f0382_03,1.000000,0.257821
924,f0383_43,1.000000,0.258101
925,f0384_36,1.000000,0.258380
926,f0385_18,1.000000,0.258659
927,f0386_15,1.000000,0.258939
928,f0387_49,1.000000,0.259218
929,f0388_26,1.000000,0.259497
930,f0389_38,1.000000,0.259777
931,f0390_33,1.000000,0.260056
932,f0391_32,1.000000,0.260335
933,f0392_15,1.000000,0.260615
934,f0393_18,1.000000,0.260894
935,f0395_15,1.000000,0.261173
936,f0396_05,1.000000,0.261453
937,f0397_27,1.000000,0.261732
938,f0398_37,1.000000,0.262011
939,f0399_44,1.000000,0.262291
940,f0400_25,1.000000,0.262570
941,f0401_11,1.000000,0.262849
942,f0402_38,1.000000,0.263128
943,f0403_29,1.000000,0.263408
944,f0404_33,1.000000,0.263687
945,f0405_20,1.000000,0.263966
946,f0406_00,1.000000,0.264246
947,f0408_03,1.000000,0.264525
948,f0409_49,1.000000,0.264804
949,f0410_43,1.000000,0.265084
950,f0411_01,1.000000,0.265363
951,f0412_26,1.000000,0.265642
952,f0413_09,1.000000,0.265922
953,f0414_22,1.000000,0.266201
954,f0415_28,1.000000,0.266480
955,f0417_44,1.000000,0.266760
956,f0418_21,1.000000,0.267039
957,f0419_29,1.000000,0.267318
958,f0420_19,1.000000,0.267598
959,f0421_33,1.000000,0.267877
960,f0422_45,1.000000,0.268156
961,f0423_04,1.000000,0.268436
962,f0424_27,1.000000,0.268715
963,f0425_42,1.000000,0.268994
964,f0426_47,1.000000,0.269274
965,f0427_40,1.000000,0.269553
966,f0428_41,1.000000,0.269832
967,f0429_13,1.000000,0.270112
968,f0430_02,1.000000,0.270391
969,f0431_36,1.000000,0.270670
970,f0432_28,1.000000,0.270950
971,f0433_14,1.000000,0.271229
972,f0434_21,1.000000,0.271508
973,f0435_37,1.000000,0.271788
974,f0437_05,1.000000,0.272067
975,f0438_19,1.000000,0.272346
976,f0439_08,1.000000,0.272626
977,f0441_00,1.000000,0.272905
978,f0443_21,1.000000,0.273184
979,f0444_34,1.000000,0.273464
980,f0445_46,1.000000,0.273743
981,f0446_03,1.000000,0.274022
982,f0448_39,1.000000,0.274302
983,f0449_22,1.000000,0.274581
984,f0451_44,1.000000,0.274860
985,f0453_45,1.000000,0.275140
986,f0454_20,1.000000,0.275419
987,f0455_26,1.000000,0.275698
988,f0456_45,1.000000,0.275978
989,f0457_13,1.000000,0.276257
990,f0458_38,1.000000,0.276536
991,f0459_12,1.000000,0.276816
992,f0460_02,1.000000,0.277095
993,f0461_47,1.000000,0.277374
994,f0462_07,1.000000,0.277654
995,f0463_09,1.000000,0.277933
996,f0464_48,1.000000,0.278212
997,f0465_42,1.000000,0.278492
998,f0466_11,1.000000,0.278771
999,f0467_18,1.000000,0.279050
1000,f0468_24,1.000000,0.279330
1001,f0469_20,1.000000,0.279609
1002,f0471_15,1.000000,0.279888
1003,f0472_36,1.000000,0.280168
1004,f0473_21,1.000000,0.280447
1005,f0475_47,1.000000,0.280726
1006,f0476_07,1.000000,0.281006
1007,f0478_10,1.000000,0.281285
1008,f0479_35,1.000000,0.281564
1009,f0480_41,1.000000,0.281844
1010,f0481_47,1.000000,0.282123
1011,f0482_06,1.000000,0.282402
1012,f0483_42,1.000000,0.282682
1013,f0484_46,1.000000,0.282961
1014,f0485_45,1.000000,0.283240
1015,f0486_05,1.000000,0.283520
1016,f0487_42,1.000000,0.283799
1017,f0488_39,1.000000,0.284078
1018,f0489_49,1.000000,0.284358
1019,f0490_13,1.000000,0.284637
1020,f0491_35,1.000000,0.284916
1021,f0492_08,1.000000,0.285196
1022,f0493_05,1.000000,0.285475
1023,f0494_20,1.000000,0.285754
1024,f0495_04,1.000000,0.286034
1025,f0496_09,1.000000,0.286313
1026,f0497_00,1.000000,0.286592
1027,f0498_06,1.000000,0.286872
1028,f0499_10,1.000000,0.287151
1029,f0500_38,1.000000,0.287430
1030,f0501_06,1.000000,0.287709
1031,f0502_09,1.000000,0.287989
1032,f0503_44,1.000000,0.288268
1033,f0505_13,1.000000,0.288547
1034,f0506_18,1.000000,0.288827
1035,f0507_19,1.000000,0.289106
1036,f0508_20,1.000000,0.289385
1037,f0509_28,1.000000,0.289665
1038,f0510_47,1.000000,0.289944
1039,f0512_15,1.000000,0.290223
1040,f0513_18,1.000000,0.290503
1041,f0514_14,1.000000,0.290782
1042,f0515_18,1.000000,0.291061
1043,f0516_45,1.000000,0.291341
1044,f0517_23,1.000000,0.291620
1045,f0519_46,1.000000,0.291899
1046,f0520_25,1.000000,0.292179
1047,f0521_14,1.000000,0.292458
1048,f0522_38,1.000000,0.292737
1049,f0524_04,1.000000,0.293017
1050,f0525_15,1.000000,0.293296
1051,f0526_22,1.000000,0.293575
1052,f0527_23,1.000000,0.293855
1053,f0528_49,1.000000,0.294134
1054,f0530_15,1.000000,0.294413
1055,f0533_32,1.000000,0.294693
1056,f0534_00,1.000000,0.294972
1057,f0535_19,1.000000,0.295251
1058,f0536_45,1.000000,0.295531
1059,f0537_35,1.000000,0.295810
1060,f0538_03,1.000000,0.296089
1061,f0539_34,1.000000,0.296369
1062,f0540_22,1.000000,0.296648
1063,f0541_47,1.000000,0.296927
1064,f0542_10,1.000000,0.297207
1065,f0543_19,1.000000,0.297486
1066,f0544_05,1.000000,0.297765
1067,f0545_49,1.000000,0.298045
1068,f0546_38,1.000000,0.298324
1069,f0547_28,1.000000,0.298603
1070,f0548_49,1.000000,0.298883
1071,f0549_39,1.000000,0.299162
1072,f0550_24,1.000000,0.299441
1073,f0551_15,1.000000,0.299721
1074,f0552_46,1.000000,0.300000
1075,f0554_17,1.000000,0.300279
1076,f0555_35,1.000000,0.300559
1077,f0556_25,1.000000,0.300838
1078,f0557_33,1.000000,0.301117
1079,f0558_01,1.000000,0.301397
1080,f0559_18,1.000000,0.301676
1081,f0560_16,1.000000,0.301955
1082,f0561_12,1.000000,0.302235
1083,f0562_31,1.000000,0.302514
1084,f0563_12,1.000000,0.302793
1085,f0564_43,1.000000,0.303073
1086,f0565_03,1.000000,0.303352
1087,f0566_02,1.000000,0.303631
1088,f0567_25,1.000000,0.303911
1089,f0568_00,1.000000,0.304190
1090,f0569_42,1.000000,0.304469
1091,f0570_31,1.000000,0.304749
1092,f0571_24,1.000000,0.305028
1093,f0572_15,1.000000,0.305307
1094,f0573_31,1.000000,0.305587
1095,f0574_03,1.000000,0.305866
1096,f0575_25,1.000000,0.306145
1097,f0576_01,1.000000,0.306425
1098,f0577_19,1.000000,0.306704
1099,f0578_14,1.000000,0.306983
1100,f0579_26,1.000000,0.307263
1101,f0580_29,1.000000,0.307542
1102,f0581_30,1.000000,0.307821
1103,f0583_26,1.000000,0.308101
1104,f0584_22,1.000000,0.308380
1105,f0586_11,1.000000,0.308659
1106,f0588_19,1.000000,0.308939
1107,f0590_06,1.000000,0.309218
1108,f0591_27,1.000000,0.309497
1109,f0592_11,1.000000,0.309777
1110,f0594_00,1.000000,0.310056
1111,f0595_35,1.000000,0.310335
1112,f0596_26,1.000000,0.310615
1113,f0597_00,1.000000,0.310894
1114,f0598_49,1.000000,0.311173
1115,f0600_06,1.000000,0.311453
1116,f0601_32,1.000000,0.311732
1117,f0602_16,1.000000,0.312011
1118,f0603_11,1.000000,0.312291
1119,f0604_11,1.000000,0.312570
1120,f0605_00,1.000000,0.312849
1121,f0606_11,1.000000,0.313128
1122,f0608_06,1.000000,0.313408
1123,f0609_12,1.000000,0.313687
1124,f0610_38,1.000000,0.313966
1125,f0613_28,1.000000,0.314246
1126,f0614_14,1.000000,0.314525
1127,f0615_00,1.000000,0.314804
1128,f0616_04,1.000000,0.315084
1129,f0617_30,1.000000,0.315363
1130,f0618_44,1.000000,0.315642
1131,f0620_49,1.000000,0.315922
1132,f0621_33,1.000000,0.316201
1133,f0622_25,1.000000,0.316480
1134,f0623_37,1.000000,0.316760
1135,f0625_26,1.000000,0.317039
1136,f0627_14,1.000000,0.317318
1137,f0628_05,1.000000,0.317598
1138,f0630_16,1.000000,0.317877
1139,f0631_03,1.000000,0.318156
1140,f0632_45,1.000000,0.318436
1141,f0633_18,1.000000,0.318715
1142,f0634_01,1.000000,0.318994
1143,f0635_33,1.000000,0.319274
1144,f0636_12,1.000000,0.319553
1145,f0637_21,1.000000,0.319832
1146,f0638_07,1.000000,0.320112
1147,f0639_24,1.000000,0.320391
1148,f0640_19,1.000000,0.320670
1149,f0641_22,1.000000,0.320950
1150,f0643_23,1.000000,0.321229
1151,f0644_19,1.000000,0.321508
1152,f0645_45,1.000000,0.321788
1153,f0646_22,1.000000,0.322067
1154,f0648_23,1.000000,0.322346
1155,f0649_22,1.000000,0.322626
1156,f0650_31,1.000000,0.322905
1157,f0651_45,1.000000,0.323184
1158,f0652_30,1.000000,0.323464
1159,f0653_02,1.000000,0.323743
1160,f0654_02,1.000000,0.324022
1161,f0656_11,1.000000,0.324302
1162,f0657_41,1.000000,0.324581
1163,f0658_30,1.000000,0.324860
1164,f0659_24,1.000000,0.325140
1165,f0660_10,1.000000,0.325419
1166,f0661_44,1.000000,0.325698
1167,f0662_29,1.000000,0.325978
1168,f0663_30,1.000000,0.326257
1169,f0664_26,1.000000,0.326536
1170,f0665_47,1.000000,0.326816
1171,f0666_20,1.000000,0.327095
1172,f0668_31,1.000000,0.327374
1173,f0669_11,1.000000,0.327654
1174,f0670_02,1.000000,0.327933
1175,f0671_18,1.000000,0.328212
1176,f0672_28,1.000000,0.328492
1177,f0673_28,1.000000,0.328771
1178,f0674_44,1.000000,0.329050
1179,f0675_24,1.000000,0.329330
1180,f0676_08,1.000000,0.329609
1181,f0677_30,1.000000,0.329888
1182,f0678_26,1.000000,0.330168
1183,f0680_28,1.000000,0.330447
1184,f0681_47,1.000000,0.330726
1185,f0682_48,1.000000,0.331006
1186,f0684_13,1.000000,0.331285
1187,f0686_09,1.000000,0.331564
1188,f0687_43,1.000000,0.331844
1189,f0688_09,1.000000,0.332123
1190,f0689_06,1.000000,0.332402
1191,f0690_26,1.000000,0.332682
1192,f0691_00,1.000000,0.332961
1193,f0692_03,1.000000,0.333240
1194,f0694_49,1.000000,0.333520
1195,f0695_31,1.000000,0.333799
1196,f0696_13,1.000000,0.334078
1197,f0697_31,1.000000,0.334358
1198,f0698_45,1.000000,0.334637
1199,f0699_19,1.000000,0.334916
1200,f0700_20,1.000000,0.335196
1201,f0701_21,1.000000,0.335475
1202,f0702_46,1.000000,0.335754
1203,f0703_11,1.000000,0.336034
1204,f0704_31,1.000000,0.336313
1205,f0705_35,1.000000,0.336592
1206,f0706_13,1.000000,0.336872
1207,f0707_44,1.000000,0.337151
1208,f0708_14,1.000000,0.337430
1209,f0709_40,1.000000,0.337709
1210,f0710_08,1.000000,0.337989
1211,f0711_11,1.000000,0.338268
1212,f0712_09,1.000000,0.338547
1213,f0713_17,1.000000,0.338827
1214,f0714_32,1.000000,0.339106
1215,f0715_08,1.000000,0.339385
1216,f0716_15,1.000000,0.339665
1217,f0717_46,1.000000,0.339944
1218,f0718_13,1.000000,0.340223
1219,f0720_38,1.000000,0.340503
1220,f0721_31,1.000000,0.340782
1221,f0722_29,1.000000,0.341061
1222,f0723_20,1.000000,0.341341
1223,f0725_46,1.000000,0.341620
1224,f0728_14,1.000000,0.341899
1225,f0729_08,1.000000,0.342179
1226,f0730_41,1.000000,0.342458
1227,f0731_05,1.000000,0.342737
1228,f0732_46,1.000000,0.343017
1229,f0733_34,1.000000,0.343296
1230,f0734_39,1.000000,0.343575
1231,f0735_17,1.000000,0.343855
1232,f0736_38,1.000000,0.344134
1233,f0737_49,1.000000,0.344413
1234,f0738_13,1.000000,0.344693
1235,f0739_42,1.000000,0.344972
1236,f0740_43,1.000000,0.345251
1237,f0741_44,1.000000,0.345531
1238,f0742_09,1.000000,0.345810
1239,f0743_31,1.000000,0.346089
1240,f0744_23,1.000000,0.346369
1241,f0745_35,1.000000,0.346648
1242,f0746_28,1.000000,0.346927
1243,f0747_24,1.000000,0.347207
1244,f0748_15,1.000000,0.347486
1245,f0749_12,1.000000,0.347765
1246,f0751_28,1.000000,0.348045
1247,f0752_25,1.000000,0.348324
1248,f0754_01,1.000000,0.348603
1249,f0755_46,1.000000,0.348883
1250,f0756_22,1.000000,0.349162
1251,f0757_24,1.000000,0.349441
1252,f0758_07,1.000000,0.349721
1253,f0759_41,1.000000,0.350000
1254,f0760_23,1.000000,0.350279
1255,f0761_10,1.000000,0.350559
1256,f0762_20,1.000000,0.350838
1257,f0764_08,1.000000,0.351117
1258,f0765_33,1.000000,0.351397
1259,f0766_01,1.000000,0.351676
1260,f0767_25,1.000000,0.351955
1261,f0768_20,1.000000,0.352235
1262,f0769_14,1.000000,0.352514
1263,f0770_45,1.000000,0.352793
1264,f0771_13,1.000000,0.353073
1265,f0772_14,1.000000,0.353352
1266,f0773_10,1.000000,0.353631
1267,f0774_40,1.000000,0.353911
1268,f0775_24,1.000000,0.354190
1269,f0777_12,1.000000,0.354469
1270,f0778_20,1.000000,0.354749
1271,f0780_06,1.000000,0.355028
1272,f0781_31,1.000000,0.355307
1273,f0782_49,1.000000,0.355587
1274,f0783_27,1.000000,0.355866
1275,f0786_07,1.000000,0.356145
1276,f0787_21,1.000000,0.356425
1277,f0788_34,1.000000,0.356704
1278,f0789_10,1.000000,0.356983
1279,f0792_07,1.000000,0.357263
1280,f0793_02,1.000000,0.357542
1281,f0794_31,1.000000,0.357821
1282,f0795_37,1.000000,0.358101
1283,f0796_08,1.000000,0.358380
1284,f0797_22,1.000000,0.358659
1285,f0798_05,1.000000,0.358939
1286,f0799_13,1.000000,0.359218
1287,f0800_00,1.000000,0.359497
1288,f0801_25,1.000000,0.359777
1289,f0803_40,1.000000,0.360056
1290,f0804_00,1.000000,0.360335
1291,f0805_48,1.000000,0.360615
1292,f0806_09,1.000000,0.360894
1293,f0808_46,1.000000,0.361173
1294,f0809_16,1.000000,0.361453
1295,f0810_40,1.000000,0.361732
1296,f0811_49,1.000000,0.362011
1297,f0812_32,1.000000,0.362291
1298,f0813_02,1.000000,0.362570
1299,f0814_03,1.000000,0.362849
1300,f0815_12,1.000000,0.363128
1301,f0816_18,1.000000,0.363408
1302,f0818_03,1.000000,0.363687
1303,f0819_13,1.000000,0.363966
1304,f0820_47,1.000000,0.364246
1305,f0821_44,1.000000,0.364525
1306,f0823_19,1.000000,0.364804
1307,f0824_18,1.000000,0.365084
1308,f0825_23,1.000000,0.365363
1309,f0826_18,1.000000,0.365642
1310,f0827_09,1.000000,0.365922
1311,f0829_00,1.000000,0.366201
1312,f0830_45,1.000000,0.366480
1313,f0831_15,1.000000,0.366760
1314,f0832_40,1.000000,0.367039
1315,f0834_03,1.000000,0.367318
1316,f0835_08,1.000000,0.367598
1317,f0836_28,1.000000,0.367877
1318,f0837_08,1.000000,0.368156
1319,f0838_49,1.000000,0.368436
1320,f0839_37,1.000000,0.368715
1321,f0840_37,1.000000,0.368994
1322,f0842_22,1.000000,0.369274
1323,f0843_06,1.000000,0.369553
1324,f0844_42,1.000000,0.369832
1325,f0845_22,1.000000,0.370112
1326,f0846_32,1.000000,0.370391
1327,f0847_06,1.000000,0.370670
1328,f0848_42,1.000000,0.370950
1329,f0849_38,1.000000,0.371229
1330,f0850_30,1.000000,0.371508
1331,f0851_41,1.000000,0.371788
1332,f0852_40,1.000000,0.372067
1333,f0853_05,1.000000,0.372346
1334,f0854_12,1.000000,0.372626
1335,f0855_46,1.000000,0.372905
1336,f0856_23,1.000000,0.373184
1337,f0857_21,1.000000,0.373464
1338,f0859_01,1.000000,0.373743
1339,f0860_21,1.000000,0.374022
1340,f0861_29,1.000000,0.374302
1341,f0862_25,1.000000,0.374581
1342,f0863_41,1.000000,0.374860
1343,f0864_41,1.000000,0.375140
1344,f0865_24,1.000000,0.375419
1345,f0866_22,1.000000,0.375698
1346,f0867_28,1.000000,0.375978
1347,f0869_20,1.000000,0.376257
1348,f0870_31,1.000000,0.376536
1349,f0871_23,1.000000,0.376816
1350,f0872_30,1.000000,0.377095
1351,f0873_42,1.000000,0.377374
1352,f0874_26,1.000000,0.377654
1353,f0875_02,1.000000,0.377933
1354,f0876_43,1.000000,0.378212
1355,f0877_17,1.000000,0.378492
1356,f0878_21,1.000000,0.378771
1357,f0879_35,1.000000,0.379050
1358,f0880_16,1.000000,0.379330
1359,f0881_03,1.000000,0.379609
1360,f0882_28,1.000000,0.379888
1361,f0883_14,1.000000,0.380168
1362,f0884_29,1.000000,0.380447
1363,f0885_39,1.000000,0.380726
1364,f0886_40,1.000000,0.381006
1365,f0887_39,1.000000,0.381285
1366,f0888_25,1.000000,0.381564
1367,f0889_48,1.000000,0.381844
1368,f0890_35,1.000000,0.382123
1369,f0891_44,1.000000,0.382402
1370,f0892_23,1.000000,0.382682
1371,f0893_25,1.000000,0.382961
1372,f0894_09,1.000000,0.383240
1373,f0895_48,1.000000,0.383520
1374,f0896_44,1.000000,0.383799
1375,f0897_19,1.000000,0.384078
1376,f0898_29,1.000000,0.384358
1377,f0899_05,1.000000,0.384637
1378,f0900_42,1.000000,0.384916
1379,f0901_39,1.000000,0.385196
1380,f0902_17,1.000000,0.385475
1381,f0903_42,1.000000,0.385754
1382,f0904_04,1.000000,0.386034
1383,f0905_43,1.000000,0.386313
1384,f0906_29,1.000000,0.386592
1385,f0907_00,1.000000,0.386872
1386,f0908_25,1.000000,0.387151
1387,f0909_04,1.000000,0.387430
1388,f0910_22,1.000000,0.387709
1389,f0911_02,1.000000,0.387989
1390,f0912_01,1.000000,0.388268
1391,f0913_31,1.000000,0.388547
1392,f0914_27,1.000000,0.388827
1393,f0917_11,1.000000,0.389106
1394,f0918_47,1.000000,0.389385
1395,f0919_47,1.000000,0.389665
1396,f0920_11,1.000000,0.389944
1397,f0921_40,1.000000,0.390223
1398,f0922_02,1.000000,0.390503
1399,f0923_31,1.000000,0.390782
1400,f0924_33,1.000000,0.391061
1401,f0925_21,1.000000,0.391341
1402,f0926_26,1.000000,0.391620
1403,f0927_44,1.000000,0.391899
1404,f0928_42,1.000000,0.392179
1405,f0929_23,1.000000,0.392458
1406,f0930_07,1.000000,0.392737
1407,f0931_37,1.000000,0.393017
1408,f0934_12,1.000000,0.393296
1409,f0935_28,1.000000,0.393575
1410,f0936_34,1.000000,0.393855
1411,f0937_01,1.000000,0.394134
1412,f0938_10,1.000000,0.394413
1413,f0939_32,1.000000,0.394693
1414,f0940_45,1.000000,0.394972
1415,f0942_17,1.000000,0.395251
1416,f0943_40,1.000000,0.395531
1417,f0944_27,1.000000,0.395810
1418,f0945_28,1.000000,0.396089
1419,f0946_31,1.000000,0.396369
1420,f0948_01,1.000000,0.396648
1421,f0949_02,1.000000,0.396927
1422,f0950_21,1.000000,0.397207
1423,f0951_29,1.000000,0.397486
1424,f0952_49,1.000000,0.397765
1425,f0953_15,1.000000,0.398045
1426,f0954_02,1.000000,0.398324
1427,f0955_30,1.000000,0.398603
1428,f0956_32,1.000000,0.398883
1429,f0957_15,1.000000,0.399162
1430,f0958_28,1.000000,0.399441
1431,f0959_27,1.000000,0.399721
1432,f0960_13,1.000000,0.400000
1433,f0961_08,1.000000,0.400279
1434,f0962_04,1.000000,0.400559
1435,f0963_21,1.000000,0.400838
1436,f0964_10,1.000000,0.401117
1437,f0965_28,1.000000,0.401397
1438,f0966_44,1.000000,0.401676
1439,f0967_29,1.000000,0.401955
1440,f0968_30,1.000000,0.402235
1441,f0969_31,1.000000,0.402514
1442,f0970_15,1.000000,0.402793
1443,f0971_24,1.000000,0.403073
1444,f0973_47,1.000000,0.403352
1445,f0974_14,1.000000,0.403631
1446,f0975_48,1.000000,0.403911
1447,f0976_41,1.000000,0.404190
1448,f0977_37,1.000000,0.404469
1449,f0978_05,1.000000,0.404749
1450,f0979_22,1.000000,0.405028
1451,f0980_43,1.000000,0.405307
1452,f0981_17,1.000000,0.405587
1453,f0982_06,1.000000,0.405866
1454,f0983_14,1.000000,0.406145
1455,f0984_25,1.000000,0.406425
1456,f0985_44,1.000000,0.406704
1457,f0986_02,1.000000,0.406983
1458,f0987_34,1.000000,0.407263
1459,f0988_45,1.000000,0.407542
1460,f0989_33,1.000000,0.407821
1461,f0991_47,1.000000,0.408101
1462,f0993_30,1.000000,0.408380
1463,f0994_46,1.000000,0.408659
1464,f0995_43,1.000000,0.408939
1465,f0996_01,1.000000,0.409218
1466,f0998_45,1.000000,0.409497
1467,f0999_29,1.000000,0.409777
1468,f1000_45,1.000000,0.410056
1469,f1001_28,1.000000,0.410335
1470,f1002_33,1.000000,0.410615
1471,f1003_41,1.000000,0.410894
1472,f1004_07,1.000000,0.411173
1473,f1005_12,1.000000,0.411453
1474,f1006_19,1.000000,0.411732
1475,f1007_22,1.000000,0.412011
1476,f1008_28,1.000000,0.412291
1477,f1009_29,1.000000,0.412570
1478,f1010_11,1.000000,0.412849
1479,f1011_35,1.000000,0.413128
1480,f1012_30,1.000000,0.413408
1481,f1013_47,1.000000,0.413687
1482,f1014_23,1.000000,0.413966
1483,f1015_14,1.000000,0.414246
1484,f1016_36,1.000000,0.414525
1485,f1017_30,1.000000,0.414804
1486,f1018_07,1.000000,0.415084
1487,f1019_45,1.000000,0.415363
1488,f1020_31,1.000000,0.415642
1489,f1021_16,1.000000,0.415922
1490,f1022_17,1.000000,0.416201
1491,f1023_49,1.000000,0.416480
1492,f1024_46,1.000000,0.416760
1493,f1025_22,1.000000,0.417039
1494,f1026_41,1.000000,0.417318
1495,f1027_05,1.000000,0.417598
1496,f1028_20,1.000000,0.417877
1497,f1029_30,1.000000,0.418156
1498,f1030_04,1.000000,0.418436
1499,f1031_37,1.000000,0.418715
1500,f1032_06,1.000000,0.418994
1501,f1033_07,1.000000,0.419274
1502,f1034_02,1.000000,0.419553
1503,f1036_49,1.000000,0.419832
1504,f1037_16,1.000000,0.420112
1505,f1038_35,1.000000,0.420391
1506,f1039_40,1.000000,0.420670
1507,f1040_01,1.000000,0.420950
1508,f1041_18,1.000000,0.421229
1509,f1042_08,1.000000,0.421508
1510,f1043_42,1.000000,0.421788
1511,f1044_04,1.000000,0.422067
1512,f1045_35,1.000000,0.422346
1513,f1046_14,1.000000,0.422626
1514,f1047_26,1.000000,0.422905
1515,f1048_31,1.000000,0.423184
1516,f1049_26,1.000000,0.423464
1517,f1050_39,1.000000,0.423743
1518,f1051_38,1.000000,0.424022
1519,f1052_05,1.000000,0.424302
1520,f1053_00,1.000000,0.424581
1521,f1054_20,1.000000,0.424860
1522,f1055_16,1.000000,0.425140
1523,f1056_11,1.000000,0.425419
1524,f1057_34,1.000000,0.425698
1525,f1058_32,1.000000,0.425978
1526,f1059_15,1.000000,0.426257
1527,f1060_13,1.000000,0.426536
1528,f1061_01,1.000000,0.426816
1529,f1062_28,1.000000,0.427095
1530,f1063_36,1.000000,0.427374
1531,f1065_10,1.000000,0.427654
1532,f1069_22,1.000000,0.427933
1533,f1070_09,1.000000,0.428212
1534,f1071_37,1.000000,0.428492
1535,f1072_34,1.000000,0.428771
1536,f1073_05,1.000000,0.429050
1537,f1074_34,1.000000,0.429330
1538,f1075_00,1.000000,0.429609
1539,f1076_12,1.000000,0.429888
1540,f1077_48,1.000000,0.430168
1541,f1078_11,1.000000,0.430447
1542,f1079_06,1.000000,0.430726
1543,f1080_00,1.000000,0.431006
1544,f1081_19,1.000000,0.431285
1545,f1082_22,1.000000,0.431564
1546,f1083_27,1.000000,0.431844
1547,f1084_48,1.000000,0.432123
1548,f1086_15,1.000000,0.432402
1549,f1087_32,1.000000,0.432682
1550,f1088_00,1.000000,0.432961
1551,f1089_04,1.000000,0.433240
1552,f1090_13,1.000000,0.433520
1553,f1091_00,1.000000,0.433799
1554,f1092_01,1.000000,0.434078
1555,f1093_13,1.000000,0.434358
1556,f1094_42,1.000000,0.434637
1557,f1095_24,1.000000,0.434916
1558,f1096_05,1.000000,0.435196
1559,f1097_20,1.000000,0.435475
1560,f1098_11,1.000000,0.435754
1561,f1099_37,1.000000,0.436034
1562,f1100_46,1.000000,0.436313
1563,f1101_38,1.000000,0.436592
1564,f1103_38,1.000000,0.436872
1565,f1104_24,1.000000,0.437151
1566,f1105_31,1.000000,0.437430
1567,f1106_01,1.000000,0.437709
1568,f1108_14,1.000000,0.437989
1569,f1109_36,1.000000,0.438268
1570,f1111_02,1.000000,0.438547
1571,f1112_30,1.000000,0.438827
1572,f1113_16,1.000000,0.439106
1573,f1114_07,1.000000,0.439385
1574,f1115_26,1.000000,0.439665
1575,f1116_09,1.000000,0.439944
1576,f1117_18,1.000000,0.440223
1577,f1118_23,1.000000,0.440503
1578,f1119_27,1.000000,0.440782
1579,f1120_05,1.000000,0.441061
1580,f1121_47,1.000000,0.441341
1581,f1122_02,1.000000,0.441620
1582,f1123_09,1.000000,0.441899
1583,f1124_24,1.000000,0.442179
1584,f1125_41,1.000000,0.442458
1585,f1126_06,1.000000,0.442737
1586,f1127_01,1.000000,0.443017
1587,f1128_24,1.000000,0.443296
1588,f1129_22,1.000000,0.443575
1589,f1130_48,1.000000,0.443855
1590,f1131_00,1.000000,0.444134
1591,f1132_19,1.000000,0.444413
1592,f1133_00,1.000000,0.444693
1593,f1134_40,1.000000,0.444972
1594,f1135_17,1.000000,0.445251
1595,f1136_31,1.000000,0.445531
1596,f1137_07,1.000000,0.445810
1597,f1138_27,1.000000,0.446089
1598,f1139_48,1.000000,0.446369
1599,f1140_23,1.000000,0.446648
1600,f1141_12,1.000000,0.446927
1601,f1142_44,1.000000,0.447207
1602,f1143_43,1.000000,0.447486
1603,f1144_47,1.000000,0.447765
1604,f1145_39,1.000000,0.448045
1605,f1146_05,1.000000,0.448324
1606,f1147_19,1.000000,0.448603
1607,f1148_23,1.000000,0.448883
1608,f1149_46,1.000000,0.449162
1609,f1150_03,1.000000,0.449441
1610,f1151_39,1.000000,0.449721
1611,f1152_03,1.000000,0.450000
1612,f1153_08,1.000000,0.450279
1613,f1154_00,1.000000,0.450559
1614,f1155_22,1.000000,0.450838
1615,f1156_23,1.000000,0.451117
1616,f1157_43,1.000000,0.451397
1617,f1158_21,1.000000,0.451676
1618,f1159_29,1.000000,0.451955
1619,f1160_23,1.000000,0.452235
1620,f1161_00,1.000000,0.452514
1621,f1163_43,1.000000,0.452793
1622,f1164_21,1.000000,0.453073
1623,f1165_30,1.000000,0.453352
1624,f1166_04,1.000000,0.453631
1625,f1167_31,1.000000,0.453911
1626,f1168_30,1.000000,0.454190
1627,f1169_08,1.000000,0.454469
1628,f1170_00,1.000000,0.454749
1629,f1171_06,1.000000,0.455028
1630,f1172_25,1.000000,0.455307
1631,f1173_40,1.000000,0.455587
1632,f1174_47,1.000000,0.455866
1633,f1175_48,1.000000,0.456145
1634,f1176_40,1.000000,0.456425
1635,f1177_42,1.000000,0.456704
1636,f1178_03,1.000000,0.456983
1637,f1179_01,1.000000,0.457263
1638,f1180_21,1.000000,0.457542
1639,f1181_27,1.000000,0.457821
1640,f1182_38,1.000000,0.458101
1641,f1183_38,1.000000,0.458380
1642,f1184_21,1.000000,0.458659
1643,f1185_47,1.000000,0.458939
1644,f1186_07,1.000000,0.459218
1645,f1187_49,1.000000,0.459497
1646,f1188_01,1.000000,0.459777
1647,f1189_06,1.000000,0.460056
1648,f1190_46,1.000000,0.460335
1649,f1191_18,1.000000,0.460615
1650,f1192_26,1.000000,0.460894
1651,f1193_46,1.000000,0.461173
1652,f1194_03,1.000000,0.461453
1653,f1195_27,1.000000,0.461732
1654,f1196_16,1.000000,0.462011
1655,f1197_00,1.000000,0.462291
1656,f1198_41,1.000000,0.462570
1657,f1199_24,1.000000,0.462849
1658,f1200_36,1.000000,0.463128
1659,f1201_49,1.000000,0.463408
1660,f1202_47,1.000000,0.463687
1661,f1203_10,1.000000,0.463966
1662,f1204_09,1.000000,0.464246
1663,f1205_25,1.000000,0.464525
1664,f1206_36,1.000000,0.464804
1665,f1207_46,1.000000,0.465084
1666,f1208_33,1.000000,0.465363
1667,f1210_47,1.000000,0.465642
1668,f1212_39,1.000000,0.465922
1669,f1213_10,1.000000,0.466201
1670,f1214_39,1.000000,0.466480
1671,f1215_02,1.000000,0.466760
1672,f1216_32,1.000000,0.467039
1673,f1217_02,1.000000,0.467318
1674,f1218_35,1.000000,0.467598
1675,f1219_26,1.000000,0.467877
1676,f1220_42,1.000000,0.468156
1677,f1222_04,1.000000,0.468436
1678,f1223_27,1.000000,0.468715
1679,f1224_16,1.000000,0.468994
1680,f1225_06,1.000000,0.469274
1681,f1226_13,1.000000,0.469553
1682,f1227_38,1.000000,0.469832
1683,f1228_30,1.000000,0.470112
1684,f1229_25,1.000000,0.470391
1685,f1230_10,1.000000,0.470670
1686,f1231_36,1.000000,0.470950
1687,f1232_34,1.000000,0.471229
1688,f1233_46,1.000000,0.471508
1689,f1234_26,1.000000,0.471788
1690,f1235_34,1.000000,0.472067
1691,f1236_11,1.000000,0.472346
1692,f1237_18,1.000000,0.472626
1693,f1238_43,1.000000,0.472905
1694,f1239_18,1.000000,0.473184
1695,f1240_01,1.000000,0.473464
1696,f1241_00,1.000000,0.473743
1697,f1242_30,1.000000,0.474022
1698,f1243_07,1.000000,0.474302
1699,f1244_09,1.000000,0.474581
1700,f1246_39,1.000000,0.474860
1701,f1247_15,1.000000,0.475140
1702,f1248_28,1.000000,0.475419
1703,f1249_33,1.000000,0.475698
1704,f1250_24,1.000000,0.475978
1705,f1251_10,1.000000,0.476257
1706,f1252_21,1.000000,0.476536
1707,f1253_43,1.000000,0.476816
1708,f1255_13,1.000000,0.477095
1709,f1256_05,1.000000,0.477374
1710,f1257_26,1.000000,0.477654
1711,f1258_19,1.000000,0.477933
1712,f1259_08,1.000000,0.478212
1713,f1260_34,1.000000,0.478492
1714,f1261_39,1.000000,0.478771
1715,f1262_42,1.000000,0.479050
1716,f1263_18,1.000000,0.479330
1717,f1264_37,1.000000,0.479609
1718,f1265_03,1.000000,0.479888
1719,f1266_29,1.000000,0.480168
1720,f1267_20,1.000000,0.480447
1721,f1268_12,1.000000,0.480726
1722,f1269_14,1.000000,0.481006
1723,f1270_28,1.000000,0.481285
1724,f1271_05,1.000000,0.481564
1725,f1272_09,1.000000,0.481844
1726,f1273_29,1.000000,0.482123
1727,f1275_19,1.000000,0.482402
1728,f1276_10,1.000000,0.482682
1729,f1277_02,1.000000,0.482961
1730,f1278_22,1.000000,0.483240
1731,f1279_31,1.000000,0.483520
1732,f1282_39,1.000000,0.483799
1733,f1283_24,1.000000,0.484078
1734,f1284_38,1.000000,0.484358
1735,f1285_45,1.000000,0.484637
1736,f1286_47,1.000000,0.484916
1737,f1287_40,1.000000,0.485196
1738,f1288_23,1.000000,0.485475
1739,f1289_06,1.000000,0.485754
1740,f1290_49,1.000000,0.486034
1741,f1291_26,1.000000,0.486313
1742,f1292_22,1.000000,0.486592
1743,f1293_37,1.000000,0.486872
1744,f1294_12,1.000000,0.487151
1745,f1295_00,1.000000,0.487430
1746,f1296_02,1.000000,0.487709
1747,f1297_30,1.000000,0.487989
1748,f1298_29,1.000000,0.488268
1749,f1299_42,1.000000,0.488547
1750,f1300_41,1.000000,0.488827
1751,f1301_47,1.000000,0.489106
1752,f1302_15,1.000000,0.489385
1753,f1303_05,1.000000,0.489665
1754,f1304_45,1.000000,0.489944
1755,f1305_42,1.000000,0.490223
1756,f1306_03,1.000000,0.490503
1757,f1308_43,1.000000,0.490782
1758,f1309_08,1.000000,0.491061
1759,f1310_44,1.000000,0.491341
1760,f1311_39,1.000000,0.491620
1761,f1312_23,1.000000,0.491899
1762,f1313_04,1.000000,0.492179
1763,f1314_29,1.000000,0.492458
1764,f1315_48,1.000000,0.492737
1765,f1316_31,1.000000,0.493017
1766,f1317_00,1.000000,0.493296
1767,f1318_17,1.000000,0.493575
1768,f1319_00,1.000000,0.493855
1769,f1320_38,1.000000,0.494134
1770,f1321_40,1.000000,0.494413
1771,f1323_11,1.000000,0.494693
1772,f1324_40,1.000000,0.494972
1773,f1325_20,1.000000,0.495251
1774,f1327_05,1.000000,0.495531
1775,f1329_29,1.000000,0.495810
1776,f1330_35,1.000000,0.496089
1777,f1331_49,1.000000,0.496369
1778,f1332_24,1.000000,0.496648
1779,f1334_00,1.000000,0.496927
1780,f1335_30,1.000000,0.497207
1781,f1336_30,1.000000,0.497486
1782,f1337_29,1.000000,0.497765
1783,f1338_02,1.000000,0.498045
1784,f1339_22,1.000000,0.498324
1785,f1340_02,1.000000,0.498603
1786,f1341_45,1.000000,0.498883
1787,f1342_17,1.000000,0.499162
1788,f1343_32,1.000000,0.499441
1789,f1344_45,1.000000,0.499721
1790,f1345_41,1.000000,0.500000
1791,f1346_08,1.000000,0.500279
1792,f1347_06,1.000000,0.500559
1793,f1349_00,1.000000,0.500838
1794,f1350_18,1.000000,0.501117
1795,f1351_29,1.000000,0.501397
1796,f1352_27,1.000000,0.501676
1797,f1353_42,1.000000,0.501955
1798,f1354_22,1.000000,0.502235
1799,f1355_03,1.000000,0.502514
1800,f1356_29,1.000000,0.502793
1801,f1357_25,1.000000,0.503073
1802,f1358_13,1.000000,0.503352
1803,f1359_45,1.000000,0.503631
1804,f1360_32,1.000000,0.503911
1805,f1361_36,1.000000,0.504190
1806,f1362_31,1.000000,0.504469
1807,f1363_19,1.000000,0.504749
1808,f1364_24,1.000000,0.505028
1809,f1365_16,1.000000,0.505307
1810,f1366_49,1.000000,0.505587
1811,f1367_00,1.000000,0.505866
1812,f1368_03,1.000000,0.506145
1813,f1369_36,1.000000,0.506425
1814,f1370_48,1.000000,0.506704
1815,f1371_21,1.000000,0.506983
1816,f1372_35,1.000000,0.507263
1817,f1373_33,1.000000,0.507542
1818,f1374_18,1.000000,0.507821
1819,f1375_23,1.000000,0.508101
1820,f1376_43,1.000000,0.508380
1821,f1377_09,1.000000,0.508659
1822,f1378_08,1.000000,0.508939
1823,f1379_47,1.000000,0.509218
1824,f1380_34,1.000000,0.509497
1825,f1381_00,1.000000,0.509777
1826,f1382_07,1.000000,0.510056
1827,f1383_16,1.000000,0.510335
1828,f1385_36,1.000000,0.510615
1829,f1386_19,1.000000,0.510894
1830,f1387_23,1.000000,0.511173
1831,f1388_41,1.000000,0.511453
1832,f1389_01,1.000000,0.511732
1833,f1390_10,1.000000,0.512011
1834,f1391_35,1.000000,0.512291
1835,f1392_44,1.000000,0.512570
1836,f1393_25,1.000000,0.512849
1837,f1394_16,1.000000,0.513128
1838,f1395_14,1.000000,0.513408
1839,f1396_07,1.000000,0.513687
1840,f1397_09,1.000000,0.513966
1841,f1398_48,1.000000,0.514246
1842,f1399_06,1.000000,0.514525
1843,f1400_25,1.000000,0.514804
1844,f1401_36,1.000000,0.515084
1845,f1402_17,1.000000,0.515363
1846,f1403_42,1.000000,0.515642
1847,f1404_39,1.000000,0.515922
1848,f1405_35,1.000000,0.516201
1849,f1406_38,1.000000,0.516480
1850,f1407_18,1.000000,0.516760
1851,f1408_02,1.000000,0.517039
1852,f1409_25,1.000000,0.517318
1853,f1410_19,1.000000,0.517598
1854,f1411_01,1.000000,0.517877
1855,f1412_36,1.000000,0.518156
1856,f1413_14,1.000000,0.518436
1857,f1414_16,1.000000,0.518715
1858,f1415_37,1.000000,0.518994
1859,f1417_14,1.000000,0.519274
1860,f1418_02,1.000000,0.519553
1861,f1419_11,1.000000,0.519832
1862,f1420_00,1.000000,0.520112
1863,f1421_27,1.000000,0.520391
1864,f1422_18,1.000000,0.520670
1865,f1423_05,1.000000,0.520950
1866,f1424_45,1.000000,0.521229
1867,f1425_23,1.000000,0.521508
1868,f1426_27,1.000000,0.521788
1869,f1427_16,1.000000,0.522067
1870,f1428_25,1.000000,0.522346
1871,f1429_14,1.000000,0.522626
1872,f1430_10,1.000000,0.522905
1873,f1431_47,1.000000,0.523184
1874,f1432_44,1.000000,0.523464
1875,f1433_36,1.000000,0.523743
1876,f1434_10,1.000000,0.524022
1877,f1435_38,1.000000,0.524302
1878,f1436_39,1.000000,0.524581
1879,f1437_23,1.000000,0.524860
1880,f1439_27,1.000000,0.525140
1881,f1440_10,1.000000,0.525419
1882,f1441_43,1.000000,0.525698
1883,f1442_28,1.000000,0.525978
1884,f1443_09,1.000000,0.526257
1885,f1444_03,1.000000,0.526536
1886,f1445_31,1.000000,0.526816
1887,f1446_25,1.000000,0.527095
1888,f1447_28,1.000000,0.527374
1889,f1448_42,1.000000,0.527654
1890,f1449_22,1.000000,0.527933
1891,f1450_34,1.000000,0.528212
1892,f1451_24,1.000000,0.528492
1893,f1452_02,1.000000,0.528771
1894,f1453_47,1.000000,0.529050
1895,f1454_12,1.000000,0.529330
1896,f1455_14,1.000000,0.529609
1897,f1456_41,1.000000,0.529888
1898,f1457_23,1.000000,0.530168
1899,f1458_19,1.000000,0.530447
1900,f1459_30,1.000000,0.530726
1901,f1460_02,1.000000,0.531006
1902,f1461_46,1.000000,0.531285
1903,f1462_01,1.000000,0.531564
1904,f1463_23,1.000000,0.531844
1905,f1464_23,1.000000,0.532123
1906,f1465_32,1.000000,0.532402
1907,f1466_48,1.000000,0.532682
1908,f1467_22,1.000000,0.532961
1909,f1468_04,1.000000,0.533240
1910,f1469_25,1.000000,0.533520
1911,f1470_34,1.000000,0.533799
1912,f1471_42,1.000000,0.534078
1913,f1472_37,1.000000,0.534358
1914,f1474_13,1.000000,0.534637
1915,f1475_14,1.000000,0.534916
1916,f1477_37,1.000000,0.535196
1917,f1478_41,1.000000,0.535475
1918,f1479_40,1.000000,0.535754
1919,f1480_24,1.000000,0.536034
1920,f1481_35,1.000000,0.536313
1921,f1482_39,1.000000,0.536592
1922,f1483_44,1.000000,0.536872
1923,f1484_21,1.000000,0.537151
1924,f1485_22,1.000000,0.537430
1925,f1486_35,1.000000,0.537709
1926,f1487_45,1.000000,0.537989
1927,f1488_27,1.000000,0.538268
1928,f1489_03,1.000000,0.538547
1929,f1490_31,1.000000,0.538827
1930,f1491_42,1.000000,0.539106
1931,f1492_06,1.000000,0.539385
1932,f1493_36,1.000000,0.539665
1933,f1494_41,1.000000,0.539944
1934,f1495_32,1.000000,0.540223
1935,f1497_28,1.000000,0.540503
1936,f1498_08,1.000000,0.540782
1937,f1499_12,1.000000,0.541061
1938,f1500_25,1.000000,0.541341
1939,f1501_00,1.000000,0.541620
1940,f1502_33,1.000000,0.541899
1941,f1503_02,1.000000,0.542179
1942,f1505_21,1.000000,0.542458
1943,f1506_35,1.000000,0.542737
1944,f1507_20,1.000000,0.543017
1945,f1508_14,1.000000,0.543296
1946,f1509_45,1.000000,0.543575
1947,f1510_28,1.000000,0.543855
1948,f1512_39,1.000000,0.544134
1949,f1513_07,1.000000,0.544413
1950,f1514_35,1.000000,0.544693
1951,f1515_36,1.000000,0.544972
1952,f1517_35,1.000000,0.545251
1953,f1518_07,1.000000,0.545531
1954,f1520_07,1.000000,0.545810
1955,f1521_17,1.000000,0.546089
1956,f1522_45,1.000000,0.546369
1957,f1523_03,1.000000,0.546648
1958,f1525_00,1.000000,0.546927
1959,f1527_46,1.000000,0.547207
1960,f1528_18,1.000000,0.547486
1961,f1529_23,1.000000,0.547765
1962,f1530_18,1.000000,0.548045
1963,f1531_34,1.000000,0.548324
1964,f1532_16,1.000000,0.548603
1965,f1533_23,1.000000,0.548883
1966,f1534_32,1.000000,0.549162
1967,f1535_20,1.000000,0.549441
1968,f1536_05,1.000000,0.549721
1969,f1537_32,1.000000,0.550000
1970,f1538_15,1.000000,0.550279
1971,f1539_20,1.000000,0.550559
1972,f1540_20,1.000000,0.550838
1973,f1541_40,1.000000,0.551117
1974,f1542_30,1.000000,0.551397
1975,f1543_08,1.000000,0.551676
1976,f1544_46,1.000000,0.551955
1977,f1545_40,1.000000,0.552235
1978,f1546_05,1.000000,0.552514
1979,f1547_06,1.000000,0.552793
1980,f1548_21,1.000000,0.553073
1981,f1549_10,1.000000,0.553352
1982,f1550_34,1.000000,0.553631
1983,f1551_34,1.000000,0.553911
1984,f1552_32,1.000000,0.554190
1985,f1553_24,1.000000,0.554469
1986,f1554_25,1.000000,0.554749
1987,f1555_23,1.000000,0.555028
1988,f1556_19,1.000000,0.555307
1989,f1557_00,1.000000,0.555587
1990,f1558_21,1.000000,0.555866
1991,f1559_25,1.000000,0.556145
1992,f1560_15,1.000000,0.556425
1993,f1561_30,1.000000,0.556704
1994,f1562_13,1.000000,0.556983
1995,f1563_24,1.000000,0.557263
1996,f1564_43,1.000000,0.557542
1997,f1565_04,1.000000,0.557821
1998,f1566_38,1.000000,0.558101
1999,f1567_20,1.000000,0.558380
2000,f1568_21,1.000000,0.558659
2001,f1569_23,1.000000,0.558939
2002,f1573_06,1.000000,0.559218
2003,f1574_26,1.000000,0.559497
2004,f1575_36,1.000000,0.559777
2005,f1576_04,1.000000,0.560056
2006,f1577_15,1.000000,0.560335
2007,f1578_22,1.000000,0.560615
2008,f1579_11,1.000000,0.560894
2009,f1581_39,1.000000,0.561173
2010,f1582_49,1.000000,0.561453
2011,f1583_41,1.000000,0.561732
2012,f1584_28,1.000000,0.562011
2013,f1585_06,1.000000,0.562291
2014,f1586_22,1.000000,0.562570
2015,f1587_05,1.000000,0.562849
2016,f1589_38,1.000000,0.563128
2017,f1590_15,1.000000,0.563408
2018,f1591_47,1.000000,0.563687
2019,f1592_44,1.000000,0.563966
2020,f1593_46,1.000000,0.564246
2021,f1594_09,1.000000,0.564525
2022,f1595_34,1.000000,0.564804
2023,f1596_10,1.000000,0.565084
2024,f1597_45,1.000000,0.565363
2025,f1598_49,1.000000,0.565642
2026,f1599_48,1.000000,0.565922
2027,f1600_43,1.000000,0.566201
2028,f1601_01,1.000000,0.566480
2029,f1602_35,1.000000,0.566760
2030,f1603_40,1.000000,0.567039
2031,f1604_07,1.000000,0.567318
2032,f1605_44,1.000000,0.567598
2033,f1606_19,1.000000,0.567877
2034,f1607_17,1.000000,0.568156
2035,f1608_37,1.000000,0.568436
2036,f1609_27,1.000000,0.568715
2037,f1610_32,1.000000,0.568994
2038,f1611_08,1.000000,0.569274
2039,f1612_47,1.000000,0.569553
2040,f1614_22,1.000000,0.569832
2041,f1615_41,1.000000,0.570112
2042,f1616_04,1.000000,0.570391
2043,f1617_41,1.000000,0.570670
2044,f1618_39,1.000000,0.570950
2045,f1619_37,1.000000,0.571229
2046,f1620_12,1.000000,0.571508
2047,f1621_46,1.000000,0.571788
2048,f1623_09,1.000000,0.572067
2049,f1624_03,1.000000,0.572346
2050,f1625_05,1.000000,0.572626
2051,f1626_27,1.000000,0.572905
2052,f1627_25,1.000000,0.573184
2053,f1628_45,1.000000,0.573464
2054,f1629_49,1.000000,0.573743
2055,f1630_21,1.000000,0.574022
2056,f1631_40,1.000000,0.574302
2057,f1632_39,1.000000,0.574581
2058,f1633_35,1.000000,0.574860
2059,f1634_38,1.000000,0.575140
2060,f1635_40,1.000000,0.575419
2061,f1636_00,1.000000,0.575698
2062,f1637_03,1.000000,0.575978
2063,f1638_14,1.000000,0.576257
2064,f1639_38,1.000000,0.576536
2065,f1640_48,1.000000,0.576816
2066,f1642_04,1.000000,0.577095
2067,f1643_46,1.000000,0.577374
2068,f1644_01,1.000000,0.577654
2069,f1645_35,1.000000,0.577933
2070,f1646_33,1.000000,0.578212
2071,f1647_28,1.000000,0.578492
2072,f1648_00,1.000000,0.578771
2073,f1649_03,1.000000,0.579050
2074,f1650_05,1.000000,0.579330
2075,f1651_06,1.000000,0.579609
2076,f1652_11,1.000000,0.579888
2077,f1653_02,1.000000,0.580168
2078,f1654_46,1.000000,0.580447
2079,f1655_34,1.000000,0.580726
2080,f1656_24,1.000000,0.581006
2081,f1657_06,1.000000,0.581285
2082,f1658_04,1.000000,0.581564
2083,f1659_04,1.000000,0.581844
2084,f1661_05,1.000000,0.582123
2085,f1662_01,1.000000,0.582402
2086,f1663_13,1.000000,0.582682
2087,f1664_04,1.000000,0.582961
2088,f1665_00,1.000000,0.583240
2089,f1666_45,1.000000,0.583520
2090,f1667_29,1.000000,0.583799
2091,f1669_41,1.000000,0.584078
2092,f1670_20,1.000000,0.584358
2093,f1671_40,1.000000,0.584637
2094,f1673_32,1.000000,0.584916
2095,f1676_30,1.000000,0.585196
2096,f1677_01,1.000000,0.585475
2097,f1680_37,1.000000,0.585754
2098,f1681_44,1.000000,0.586034
2099,f1682_10,1.000000,0.586313
2100,f1683_30,1.000000,0.586592
2101,f1684_08,1.000000,0.586872
2102,f1685_23,1.000000,0.587151
2103,f1686_01,1.000000,0.587430
2104,f1687_40,1.000000,0.587709
2105,f1688_24,1.000000,0.587989
2106,f1689_07,1.000000,0.588268
2107,f1690_24,1.000000,0.588547
2108,f1691_07,1.000000,0.588827
2109,f1692_18,1.000000,0.589106
2110,f1693_00,1.000000,0.589385
2111,f1694_17,1.000000,0.589665
2112,f1695_12,1.000000,0.589944
2113,f1696_08,1.000000,0.590223
2114,f1697_45,1.000000,0.590503
2115,f1698_35,1.000000,0.590782
2116,f1699_42,1.000000,0.591061
2117,f1700_36,1.000000,0.591341
2118,f1701_10,1.000000,0.591620
2119,f1702_13,1.000000,0.591899
2120,f1703_29,1.000000,0.592179
2121,f1704_29,1.000000,0.592458
2122,f1705_41,1.000000,0.592737
2123,f1706_39,1.000000,0.593017
2124,f1707_05,1.000000,0.593296
2125,f1708_22,1.000000,0.593575
2126,f1709_03,1.000000,0.593855
2127,f1711_35,1.000000,0.594134
2128,f1712_10,1.000000,0.594413
2129,f1713_02,1.000000,0.594693
2130,f1715_20,1.000000,0.594972
2131,f1716_48,1.000000,0.595251
2132,f1717_16,1.000000,0.595531
2133,f1718_29,1.000000,0.595810
2134,f1719_12,1.000000,0.596089
2135,f1720_48,1.000000,0.596369
2136,f1721_26,1.000000,0.596648
2137,f1722_43,1.000000,0.596927
2138,f1724_42,1.000000,0.597207
2139,f1728_02,1.000000,0.597486
2140,f1729_47,1.000000,0.597765
2141,f1730_21,1.000000,0.598045
2142,f1731_34,1.000000,0.598324
2143,f1732_28,1.000000,0.598603
2144,f1733_23,1.000000,0.598883
2145,f1734_48,1.000000,0.599162
2146,f1735_22,1.000000,0.599441
2147,f1736_04,1.000000,0.599721
2148,f1737_09,1.000000,0.600000
2149,f1738_42,1.000000,0.600279
2150,f1739_23,1.000000,0.600559
2151,f1740_04,1.000000,0.600838
2152,f1741_16,1.000000,0.601117
2153,f1742_04,1.000000,0.601397
2154,f1743_33,1.000000,0.601676
2155,f1744_39,1.000000,0.601955
2156,f1745_36,1.000000,0.602235
2157,f1746_28,1.000000,0.602514
2158,f1747_44,1.000000,0.602793
2159,f1748_30,1.000000,0.603073
2160,f1749_23,1.000000,0.603352
2161,f1751_08,1.000000,0.603631
2162,f1752_29,1.000000,0.603911
2163,f1753_34,1.000000,0.604190
2164,f1754_35,1.000000,0.604469
2165,f1755_46,1.000000,0.604749
2166,f1756_07,1.000000,0.605028
2167,f1757_24,1.000000,0.605307
2168,f1758_36,1.000000,0.605587
2169,f1759_19,1.000000,0.605866
2170,f1760_27,1.000000,0.606145
2171,f1761_43,1.000000,0.606425
2172,f1762_28,1.000000,0.606704
2173,f1763_25,1.000000,0.606983
2174,f1764_25,1.000000,0.607263
2175,f1765_33,1.000000,0.607542
2176,f1766_41,1.000000,0.607821
2177,f1767_34,1.000000,0.608101
2178,f1768_48,1.000000,0.608380
2179,f1769_04,1.000000,0.608659
2180,f1770_47,1.000000,0.608939
2181,f1771_46,1.000000,0.609218
2182,f1773_18,1.000000,0.609497
2183,f1775_42,1.000000,0.609777
2184,f1777_29,1.000000,0.610056
2185,f1778_11,1.000000,0.610335
2186,f1779_01,1.000000,0.610615
2187,f1780_04,1.000000,0.610894
2188,f1781_48,1.000000,0.611173
2189,f1782_05,1.000000,0.611453
2190,f1783_34,1.000000,0.611732
2191,f1784_17,1.000000,0.612011
2192,f1785_07,1.000000,0.612291
2193,f1786_08,1.000000,0.612570
2194,f1787_36,1.000000,0.612849
2195,f1788_32,1.000000,0.613128
2196,f1789_37,1.000000,0.613408
2197,f1790_11,1.000000,0.613687
2198,f1792_12,1.000000,0.613966
2199,f1793_33,1.000000,0.614246
2200,f1794_07,1.000000,0.614525
2201,f1795_30,1.000000,0.614804
2202,f1796_21,1.000000,0.615084
2203,f1797_27,1.000000,0.615363
2204,f1798_42,1.000000,0.615642
2205,f1799_27,1.000000,0.615922
2206,f1800_08,1.000000,0.616201
2207,f1801_01,1.000000,0.616480
2208,f1802_35,1.000000,0.616760
2209,f1803_09,1.000000,0.617039
2210,f1804_32,1.000000,0.617318
2211,f1806_29,1.000000,0.617598
2212,f1807_08,1.000000,0.617877
2213,f1808_13,1.000000,0.618156
2214,f1809_16,1.000000,0.618436
2215,f1810_02,1.000000,0.618715
2216,f1811_11,1.000000,0.618994
2217,f1812_15,1.000000,0.619274
2218,f1813_25,1.000000,0.619553
2219,f1814_24,1.000000,0.619832
2220,f1815_44,1.000000,0.620112
2221,f1816_24,1.000000,0.620391
2222,f1818_11,1.000000,0.620670
2223,f1819_37,1.000000,0.620950
2224,f1820_17,1.000000,0.621229
2225,f1821_24,1.000000,0.621508
2226,f1822_45,1.000000,0.621788
2227,f1823_43,1.000000,0.622067
2228,f1825_06,1.000000,0.622346
2229,f1827_17,1.000000,0.622626
2230,f1828_25,1.000000,0.622905
2231,f1829_17,1.000000,0.623184
2232,f1830_16,1.000000,0.623464
2233,f1831_15,1.000000,0.623743
2234,f1832_47,1.000000,0.624022
2235,f1833_03,1.000000,0.624302
2236,f1834_16,1.000000,0.624581
2237,f1835_27,1.000000,0.624860
2238,f1836_34,1.000000,0.625140
2239,f1837_00,1.000000,0.625419
2240,f1838_49,1.000000,0.625698
2241,f1840_35,1.000000,0.625978
2242,f1841_05,1.000000,0.626257
2243,f1842_34,1.000000,0.626536
2244,f1843_09,1.000000,0.626816
2245,f1844_38,1.000000,0.627095
2246,f1845_02,1.000000,0.627374
2247,f1847_26,1.000000,0.627654
2248,f1848_43,1.000000,0.627933
2249,f1849_46,1.000000,0.628212
2250,f1850_16,1.000000,0.628492
2251,f1851_06,1.000000,0.628771
2252,f1852_35,1.000000,0.629050
2253,f1853_42,1.000000,0.629330
2254,f1855_37,1.000000,0.629609
2255,f1856_37,1.000000,0.629888
2256,f1857_48,1.000000,0.630168
2257,f1858_21,1.000000,0.630447
2258,f1859_39,1.000000,0.630726
2259,f1860_06,1.000000,0.631006
2260,f1861_26,1.000000,0.631285
2261,f1862_37,1.000000,0.631564
2262,f1863_44,1.000000,0.631844
2263,f1864_10,1.000000,0.632123
2264,f1865_30,1.000000,0.632402
2265,f1866_14,1.000000,0.632682
2266,f1867_44,1.000000,0.632961
2267,f1868_06,1.000000,0.633240
2268,f1869_07,1.000000,0.633520
2269,f1870_30,1.000000,0.633799
2270,f1871_04,1.000000,0.634078
2271,f1872_07,1.000000,0.634358
2272,f1873_22,1.000000,0.634637
2273,f1874_36,1.000000,0.634916
2274,f1875_21,1.000000,0.635196
2275,f1876_22,1.000000,0.635475
2276,f1877_30,1.000000,0.635754
2277,f1878_33,1.000000,0.636034
2278,f1879_44,1.000000,0.636313
2279,f1880_06,1.000000,0.636592
2280,f1881_37,1.000000,0.636872
2281,f1882_40,1.000000,0.637151
2282,f1883_03,1.000000,0.637430
2283,f1884_05,1.000000,0.637709
2284,f1885_29,1.000000,0.637989
2285,f1886_18,1.000000,0.638268
2286,f1887_23,1.000000,0.638547
2287,f1888_11,1.000000,0.638827
2288,f1889_05,1.000000,0.639106
2289,f1890_28,1.000000,0.639385
2290,f1891_18,1.000000,0.639665
2291,f1892_07,1.000000,0.639944
2292,f1893_26,1.000000,0.640223
2293,f1895_37,1.000000,0.640503
2294,f1896_13,1.000000,0.640782
2295,f1897_40,1.000000,0.641061
2296,f1899_19,1.000000,0.641341
2297,f1900_12,1.000000,0.641620
2298,f1902_10,1.000000,0.641899
2299,f1903_48,1.000000,0.642179
2300,f1904_33,1.000000,0.642458
2301,f1905_23,1.000000,0.642737
2302,f1906_16,1.000000,0.643017
2303,f1907_22,1.000000,0.643296
2304,f1908_49,1.000000,0.643575
2305,f1909_43,1.000000,0.643855
2306,f1910_05,1.000000,0.644134
2307,f1911_44,1.000000,0.644413
2308,f1912_13,1.000000,0.644693
2309,f1913_37,1.000000,0.644972
2310,f1914_02,1.000000,0.645251
2311,f1915_00,1.000000,0.645531
2312,f1916_32,1.000000,0.645810
2313,f1917_19,1.000000,0.646089
2314,f1918_04,1.000000,0.646369
2315,f1919_17,1.000000,0.646648
2316,f1920_09,1.000000,0.646927
2317,f1921_33,1.000000,0.647207
2318,f1922_38,1.000000,0.647486
2319,f1923_42,1.000000,0.647765
2320,f1924_29,1.000000,0.648045
2321,f1925_00,1.000000,0.648324
2322,f1926_49,1.000000,0.648603
2323,f1927_01,1.000000,0.648883
2324,f1928_20,1.000000,0.649162
2325,f1929_04,1.000000,0.649441
2326,f1930_02,1.000000,0.649721
2327,f1931_49,1.000000,0.650000
2328,f1932_09,1.000000,0.650279
2329,f1934_10,1.000000,0.650559
2330,f1935_07,1.000000,0.650838
2331,f1936_06,1.000000,0.651117
2332,f1937_04,1.000000,0.651397
2333,f1938_21,1.000000,0.651676
2334,f1939_13,1.000000,0.651955
2335,f1940_28,1.000000,0.652235
2336,f1941_44,1.000000,0.652514
2337,f1942_21,1.000000,0.652793
2338,f1943_00,1.000000,0.653073
2339,f1944_40,1.000000,0.653352
2340,f1945_00,1.000000,0.653631
2341,f1946_25,1.000000,0.653911
2342,f1947_49,1.000000,0.654190
2343,f1948_41,1.000000,0.654469
2344,f1949_20,1.000000,0.654749
2345,f1950_08,1.000000,0.655028
2346,f1951_19,1.000000,0.655307
2347,f1952_17,1.000000,0.655587
2348,f1953_17,1.000000,0.655866
2349,f1954_31,1.000000,0.656145
2350,f1955_30,1.000000,0.656425
2351,f1956_19,1.000000,0.656704
2352,f1957_41,1.000000,0.656983
2353,f1958_33,1.000000,0.657263
2354,f1959_39,1.000000,0.657542
2355,f1960_26,1.000000,0.657821
2356,f1961_34,1.000000,0.658101
2357,f1962_12,1.000000,0.658380
2358,f1963_27,1.000000,0.658659
2359,f1964_32,1.000000,0.658939
2360,f1965_23,1.000000,0.659218
2361,f1966_31,1.000000,0.659497
2362,f1967_21,1.000000,0.659777
2363,f1968_09,1.000000,0.660056
2364,f1970_32,1.000000,0.660335
2365,f1971_12,1.000000,0.660615
2366,f1972_15,1.000000,0.660894
2367,f1973_24,1.000000,0.661173
2368,f1975_00,1.000000,0.661453
2369,f1976_25,1.000000,0.661732
2370,f1977_23,1.000000,0.662011
2371,f1979_36,1.000000,0.662291
2372,f1980_17,1.000000,0.662570
2373,f1981_44,1.000000,0.662849
2374,f1982_16,1.000000,0.663128
2375,f1983_00,1.000000,0.663408
2376,f1985_18,1.000000,0.663687
2377,f1986_20,1.000000,0.663966
2378,f1987_47,1.000000,0.664246
2379,f1988_11,1.000000,0.664525
2380,f1989_45,1.000000,0.664804
2381,f1993_19,1.000000,0.665084
2382,f1994_21,1.000000,0.665363
2383,f1996_12,1.000000,0.665642
2384,f1997_00,1.000000,0.665922
2385,f1998_10,1.000000,0.666201
2386,f1999_37,1.000000,0.666480
2387,f2000_40,1.000000,0.666760
2388,f2002_29,1.000000,0.667039
2389,f2003_18,1.000000,0.667318
2390,f2004_29,1.000000,0.667598
2391,f2006_31,1.000000,0.667877
2392,f2007_45,1.000000,0.668156
2393,f2008_26,1.000000,0.668436
2394,f2009_39,1.000000,0.668715
2395,f2010_38,1.000000,0.668994
2396,f2011_41,1.000000,0.669274
2397,f2012_46,1.000000,0.669553
2398,f2013_19,1.000000,0.669832
2399,f2014_07,1.000000,0.670112
2400,f2015_08,1.000000,0.670391
2401,f2016_39,1.000000,0.670670
2402,f2017_03,1.000000,0.670950
2403,f2018_05,1.000000,0.671229
2404,f2019_34,1.000000,0.671508
2405,f2020_16,1.000000,0.671788
2406,f2021_30,1.000000,0.672067
2407,f2022_38,1.000000,0.672346
2408,f2023_12,1.000000,0.672626
2409,f2024_20,1.000000,0.672905
2410,f2025_00,1.000000,0.673184
2411,f2027_41,1.000000,0.673464
2412,f2028_18,1.000000,0.673743
2413,f2029_03,1.000000,0.674022
2414,f2031_31,1.000000,0.674302
2415,f2032_22,1.000000,0.674581
2416,f2033_24,1.000000,0.674860
2417,f2034_14,1.000000,0.675140
2418,f2035_49,1.000000,0.675419
2419,f2036_29,1.000000,0.675698
2420,f2037_06,1.000000,0.675978
2421,f2038_08,1.000000,0.676257
2422,f2039_13,1.000000,0.676536
2423,f2040_47,1.000000,0.676816
2424,f2041_22,1.000000,0.677095
2425,f2042_30,1.000000,0.677374
2426,f2045_15,1.000000,0.677654
2427,f2047_48,1.000000,0.677933
2428,f2048_19,1.000000,0.678212
2429,f2049_38,1.000000,0.678492
2430,f2050_45,1.000000,0.678771
2431,f2051_15,1.000000,0.679050
2432,f2054_13,1.000000,0.679330
2433,f2055_31,1.000000,0.679609
2434,f2056_40,1.000000,0.679888
2435,f2057_23,1.000000,0.680168
2436,f2058_01,1.000000,0.680447
2437,f2059_42,1.000000,0.680726
2438,f2060_18,1.000000,0.681006
2439,f2061_12,1.000000,0.681285
2440,f2063_00,1.000000,0.681564
2441,f2064_33,1.000000,0.681844
2442,f2066_29,1.000000,0.682123
2443,f2068_36,1.000000,0.682402
2444,f2069_42,1.000000,0.682682
2445,f2070_11,1.000000,0.682961
2446,f2071_28,1.000000,0.683240
2447,f2072_32,1.000000,0.683520
2448,f2074_03,1.000000,0.683799
2449,f2075_09,1.000000,0.684078
2450,f2076_31,1.000000,0.684358
2451,f2078_03,1.000000,0.684637
2452,f2079_27,1.000000,0.684916
2453,f2081_42,1.000000,0.685196
2454,f2082_26,1.000000,0.685475
2455,f2083_33,1.000000,0.685754
2456,f2084_07,1.000000,0.686034
2457,f2085_02,1.000000,0.686313
2458,f2087_13,1.000000,0.686592
2459,f2088_14,1.000000,0.686872
2460,f2089_25,1.000000,0.687151
2461,f2090_00,1.000000,0.687430
2462,f2091_28,1.000000,0.687709
2463,f2092_41,1.000000,0.687989
2464,f2093_26,1.000000,0.688268
2465,f2094_44,1.000000,0.688547
2466,f2095_37,1.000000,0.688827
2467,f2096_00,1.000000,0.689106
2468,f2097_31,1.000000,0.689385
2469,f2099_21,1.000000,0.689665
2470,f2100_97,1.000000,0.689944
2471,f2101_62,1.000000,0.690223
2472,f2102_52,1.000000,0.690503
2473,f2103_60,1.000000,0.690782
2474,f2104_50,1.000000,0.691061
2475,f2105_51,1.000000,0.691341
2476,f2107_53,1.000000,0.691620
2477,f2108_54,1.000000,0.691899
2478,f2109_65,1.000000,0.692179
2479,f2112_65,1.000000,0.692458
2480,f2114_50,1.000000,0.692737
2481,f2116_72,1.000000,0.693017
2482,f2117_54,1.000000,0.693296
2483,f2118_60,1.000000,0.693575
2484,f2119_56,1.000000,0.693855
2485,f2120_61,1.000000,0.694134
2486,f2121_67,1.000000,0.694413
2487,f2122_65,1.000000,0.694693
2488,f2123_63,1.000000,0.694972
2489,f2124_66,1.000000,0.695251
2490,f2125_64,1.000000,0.695531
2491,f2129_55,1.000000,0.695810
2492,f2130_74,1.000000,0.696089
2493,f2133_68,1.000000,0.696369
2494,f2134_58,1.000000,0.696648
2495,f2136_68,1.000000,0.696927
2496,f2138_72,1.000000,0.697207
2497,f2139_75,1.000000,0.697486
2498,f2142_69,1.000000,0.697765
2499,f2143_66,1.000000,0.698045
2500,f2147_79,1.000000,0.698324
2501,f2148_78,1.000000,0.698603
2502,f2151_92,1.000000,0.698883
2503,f2152_98,1.000000,0.699162
2504,f2154_77,1.000000,0.699441
2505,f2155_59,1.000000,0.699721
2506,f2156_56,1.000000,0.700000
2507,f2159_53,1.000000,0.700279
2508,f2160_96,1.000000,0.700559
2509,f2161_58,1.000000,0.700838
2510,f2166_63,1.000000,0.701117
2511,f2167_65,1.000000,0.701397
2512,f2168_66,1.000000,0.701676
2513,f2171_70,1.000000,0.701955
2514,f2173_74,1.000000,0.702235
2515,f2174_61,1.000000,0.702514
2516,f2175_59,1.000000,0.702793
2517,f2176_64,1.000000,0.703073
2518,f2177_57,1.000000,0.703352
2519,f2178_93,1.000000,0.703631
2520,f2179_58,1.000000,0.703911
2521,f2180_96,1.000000,0.704190
2522,f2182_95,1.000000,0.704469
2523,f2183_59,1.000000,0.704749
2524,f2185_57,1.000000,0.705028
2525,f2186_55,1.000000,0.705307
2526,f2187_54,1.000000,0.705587
2527,f2188_71,1.000000,0.705866
2528,f2189_50,1.000000,0.706145
2529,f2190_52,1.000000,0.706425
2530,f2191_53,1.000000,0.706704
2531,f2192_56,1.000000,0.706983
2532,f2197_62,1.000000,0.707263
2533,f2198_58,1.000000,0.707542
2534,f2200_55,1.000000,0.707821
2535,f2201_80,1.000000,0.708101
2536,f2202_76,1.000000,0.708380
2537,f2203_77,1.000000,0.708659
2538,f2204_78,1.000000,0.708939
2539,f2206_73,1.000000,0.709218
2540,f2207_75,1.000000,0.709497
2541,f2209_79,1.000000,0.709777
2542,f2210_96,1.000000,0.710056
2543,f2212_74,1.000000,0.710335
2544,f2215_69,1.000000,0.710615
2545,f2217_71,1.000000,0.710894
2546,f2218_51,1.000000,0.711173
2547,f2223_83,1.000000,0.711453
2548,f2224_82,1.000000,0.711732
2549,f2226_85,1.000000,0.712011
2550,f2229_88,1.000000,0.712291
2551,f2233_79,1.000000,0.712570
2552,f2235_81,1.000000,0.712849
2553,f2236_83,1.000000,0.713128
2554,f2237_82,1.000000,0.713408
2555,f2239_84,1.000000,0.713687
2556,f2240_80,1.000000,0.713966
2557,f2241_88,1.000000,0.714246
2558,f2243_87,1.000000,0.714525
2559,f2245_95,1.000000,0.714804
2560,f2247_97,1.000000,0.715084
2561,f2251_74,1.000000,0.715363
2562,f2256_71,1.000000,0.715642
2563,f2257_69,1.000000,0.715922
2564,f2258_85,1.000000,0.716201
2565,f2259_68,1.000000,0.716480
2566,f2260_57,1.000000,0.716760
2567,f2262_83,1.000000,0.717039
2568,f2265_80,1.000000,0.717318
2569,f2266_81,1.000000,0.717598
2570,f2267_78,1.000000,0.717877
2571,f2268_88,1.000000,0.718156
2572,f2269_89,1.000000,0.718436
2573,f2271_86,1.000000,0.718715
2574,f2276_91,1.000000,0.718994
2575,f2278_93,1.000000,0.719274
2576,f2279_94,1.000000,0.719553
2577,f2280_57,1.000000,0.719832
2578,f2281_52,1.000000,0.720112
2579,f2282_53,1.000000,0.720391
2580,f2283_59,1.000000,0.720670
2581,f2285_54,1.000000,0.720950
2582,f2286_50,1.000000,0.721229
2583,f2287_60,1.000000,0.721508
2584,f2289_62,1.000000,0.721788
2585,f2290_64,1.000000,0.722067
2586,f2291_65,1.000000,0.722346
2587,f2293_68,1.000000,0.722626
2588,f2294_71,1.000000,0.722905
2589,f2296_73,1.000000,0.723184
2590,f2298_74,1.000000,0.723464
2591,f2300_52,1.000000,0.723743
2592,f2301_65,1.000000,0.724022
2593,f2302_58,1.000000,0.724302
2594,f2308_56,1.000000,0.724581
2595,f2310_51,1.000000,0.724860
2596,f2311_61,1.000000,0.725140
2597,f2313_55,1.000000,0.725419
2598,f2315_59,1.000000,0.725698
2599,f2318_78,1.000000,0.725978
2600,f2320_75,1.000000,0.726257
2601,f2321_84,1.000000,0.726536
2602,f2323_81,1.000000,0.726816
2603,f2324_84,1.000000,0.727095
2604,f2326_83,1.000000,0.727374
2605,f2327_90,1.000000,0.727654
2606,f2329_94,1.000000,0.727933
2607,f2331_93,1.000000,0.728212
2608,f2334_99,1.000000,0.728492
2609,f2336_99,1.000000,0.728771
2610,f2337_71,1.000000,0.729050
2611,f2338_70,1.000000,0.729330
2612,f2339_76,1.000000,0.729609
2613,f2341_65,1.000000,0.729888
2614,f2342_82,1.000000,0.730168
2615,f2343_83,1.000000,0.730447
2616,f2345_87,1.000000,0.730726
2617,f2346_88,1.000000,0.731006
2618,f2349_78,1.000000,0.731285
2619,f2350_98,1.000000,0.731564
2620,f2355_85,1.000000,0.731844
2621,f2356_86,1.000000,0.732123
2622,f2357_70,1.000000,0.732402
2623,f2361_74,1.000000,0.732682
2624,f2363_77,1.000000,0.732961
2625,f2364_65,1.000000,0.733240
2626,f2365_62,1.000000,0.733520
2627,f2366_64,1.000000,0.733799
2628,f2368_50,1.000000,0.734078
2629,f2369_56,1.000000,0.734358
2630,f2371_68,1.000000,0.734637
2631,f2372_55,1.000000,0.734916
2632,f2373_53,1.000000,0.735196
2633,f2374_59,1.000000,0.735475
2634,f2376_57,1.000000,0.735754
2635,f2378_69,1.000000,0.736034
2636,f2379_68,1.000000,0.736313
2637,f2382_52,1.000000,0.736592
2638,f2384_51,1.000000,0.736872
2639,f2385_83,1.000000,0.737151
2640,f2387_81,1.000000,0.737430
2641,f2393_90,1.000000,0.737709
2642,f2395_78,1.000000,0.737989
2643,f2398_51,1.000000,0.738268
2644,f2401_78,1.000000,0.738547
2645,f2402_75,1.000000,0.738827
2646,f2404_70,1.000000,0.739106
2647,f2406_72,1.000000,0.739385
2648,f2407_74,1.000000,0.739665
2649,f2408_73,1.000000,0.739944
2650,f2410_85,1.000000,0.740223
2651,f2412_86,1.000000,0.740503
2652,f2413_87,1.000000,0.740782
2653,f2414_89,1.000000,0.741061
2654,f2416_80,1.000000,0.741341
2655,f2417_81,1.000000,0.741620
2656,f2418_82,1.000000,0.741899
2657,f2421_86,1.000000,0.742179
2658,f2423_88,1.000000,0.742458
2659,f2424_90,1.000000,0.742737
2660,f2426_87,1.000000,0.743017
2661,f2427_89,1.000000,0.743296
2662,f2428_96,1.000000,0.743575
2663,f2429_95,1.000000,0.743855
2664,f2430_92,1.000000,0.744134
2665,f2432_94,1.000000,0.744413
2666,f2433_75,1.000000,0.744693
2667,f2434_59,1.000000,0.744972
2668,f2435_57,1.000000,0.745251
2669,f2437_50,1.000000,0.745531
2670,f2439_77,1.000000,0.745810
2671,f2440_79,1.000000,0.746089
2672,f2441_83,1.000000,0.746369
2673,f2442_81,1.000000,0.746648
2674,f2443_80,1.000000,0.746927
2675,f2446_88,1.000000,0.747207
2676,f2447_93,1.000000,0.747486
2677,f2448_94,1.000000,0.747765
2678,f2449_96,1.000000,0.748045
2679,f2450_56,1.000000,0.748324
2680,f2451_68,1.000000,0.748603
2681,f2452_69,1.000000,0.748883
2682,f2453_70,1.000000,0.749162
2683,f2455_72,1.000000,0.749441
2684,f2456_71,1.000000,0.749721
2685,f2457_97,1.000000,0.750000
2686,f2458_53,1.000000,0.750279
2687,f2459_55,1.000000,0.750559
2688,f2460_52,1.000000,0.750838
2689,f2462_98,1.000000,0.751117
2690,f2463_79,1.000000,0.751397
2691,f2464_74,1.000000,0.751676
2692,f2465_75,1.000000,0.751955
2693,f2466_76,1.000000,0.752235
2694,f2468_78,1.000000,0.752514
2695,f2473_81,1.000000,0.752793
2696,f2474_84,1.000000,0.753073
2697,f2476_67,1.000000,0.753352
2698,f2477_69,1.000000,0.753631
2699,f2478_68,1.000000,0.753911
2700,f2480_61,1.000000,0.754190
2701,f2481_58,1.000000,0.754469
2702,f2482_62,1.000000,0.754749
2703,f2484_76,1.000000,0.755028
2704,f2485_77,1.000000,0.755307
2705,f2487_92,1.000000,0.755587
2706,f2488_90,1.000000,0.755866
2707,f2489_89,1.000000,0.756145
2708,f2492_72,1.000000,0.756425
2709,f2493_99,1.000000,0.756704
2710,f2494_73,1.000000,0.756983
2711,f2495_59,1.000000,0.757263
2712,f2496_56,1.000000,0.757542
2713,f2497_54,1.000000,0.757821
2714,f2498_75,1.000000,0.758101
2715,f2500_50,1.000000,0.758380
2716,f2501_53,1.000000,0.758659
2717,f2502_59,1.000000,0.758939
2718,f2504_69,1.000000,0.759218
2719,f2505_79,1.000000,0.759497
2720,f2506_77,1.000000,0.759777
2721,f2511_52,1.000000,0.760056
2722,f2512_54,1.000000,0.760335
2723,f2516_59,1.000000,0.760615
2724,f2517_63,1.000000,0.760894
2725,f2518_67,1.000000,0.761173
2726,f2519_67,1.000000,0.761453
2727,f2521_66,1.000000,0.761732
2728,f2522_61,1.000000,0.762011
2729,f2523_65,1.000000,0.762291
2730,f2525_62,1.000000,0.762570
2731,f2526_71,1.000000,0.762849
2732,f2528_69,1.000000,0.763128
2733,f2529_70,1.000000,0.763408
2734,f2532_93,1.000000,0.763687
2735,f2534_96,1.000000,0.763966
2736,f2535_60,1.000000,0.764246
2737,f2536_59,1.000000,0.764525
2738,f2537_57,1.000000,0.764804
2739,f2538_60,1.000000,0.765084
2740,f2539_96,1.000000,0.765363
2741,f2542_55,1.000000,0.765642
2742,f2543_98,1.000000,0.765922
2743,f2544_53,1.000000,0.766201
2744,f2546_62,1.000000,0.766480
2745,f2547_96,1.000000,0.766760
2746,f2549_82,1.000000,0.767039
2747,f2551_80,1.000000,0.767318
2748,f2553_92,1.000000,0.767598
2749,f2554_55,1.000000,0.767877
2750,f2556_97,1.000000,0.768156
2751,f2557_98,1.000000,0.768436
2752,f2558_96,1.000000,0.768715
2753,f2560_93,1.000000,0.768994
2754,f2561_89,1.000000,0.769274
2755,f2563_91,1.000000,0.769553
2756,f2565_57,1.000000,0.769832
2757,f2568_54,1.000000,0.770112
2758,f2569_58,1.000000,0.770391
2759,f2570_52,1.000000,0.770670
2760,f2571_62,1.000000,0.770950
2761,f2573_61,1.000000,0.771229
2762,f2577_65,1.000000,0.771508
2763,f2578_68,1.000000,0.771788
2764,f2579_76,1.000000,0.772067
2765,f2580_69,1.000000,0.772346
2766,f2583_71,1.000000,0.772626
2767,f2584_73,1.000000,0.772905
2768,f2585_74,1.000000,0.773184
2769,f2586_75,1.000000,0.773464
2770,f2588_72,1.000000,0.773743
2771,f2589_78,1.000000,0.774022
2772,f2591_70,1.000000,0.774302
2773,f2592_71,1.000000,0.774581
2774,f2594_90,1.000000,0.774860
2775,f2595_89,1.000000,0.775140
2776,f2599_91,1.000000,0.775419
2777,f3100_44,1.000000,0.775698
2778,f3101_07,1.000000,0.775978
2779,f3102_36,1.000000,0.776257
2780,f3103_38,1.000000,0.776536
2781,f3106_05,1.000000,0.776816
2782,f3107_16,1.000000,0.777095
2783,f3108_34,1.000000,0.777374
2784,f3109_30,1.000000,0.777654
2785,f3110_25,1.000000,0.777933
2786,f3111_05,1.000000,0.778212
2787,f3112_45,1.000000,0.778492
2788,f3113_40,1.000000,0.778771
2789,f3114_13,1.000000,0.779050
2790,f3115_25,1.000000,0.779330
2791,f3117_11,1.000000,0.779609
2792,f3118_09,1.000000,0.779888
2793,f3120_04,1.000000,0.780168
2794,f3122_40,1.000000,0.780447
2795,f3123_42,1.000000,0.780726
2796,f3124_21,1.000000,0.781006
2797,f3126_20,1.000000,0.781285
2798,f3127_16,1.000000,0.781564
2799,f3128_15,1.000000,0.781844
2800,f3130_44,1.000000,0.782123
2801,f3131_11,1.000000,0.782402
2802,f3132_12,1.000000,0.782682
2803,f3133_33,1.000000,0.782961
2804,f3134_27,1.000000,0.783240
2805,f3135_37,1.000000,0.783520
2806,f3136_07,1.000000,0.783799
2807,f3137_47,1.000000,0.784078
2808,f3139_09,1.000000,0.784358
2809,f3140_49,1.000000,0.784637
2810,f3141_36,1.000000,0.784916
2811,f3142_38,1.000000,0.785196
2812,f3144_39,1.000000,0.785475
2813,f3145_38,1.000000,0.785754
2814,f3147_41,1.000000,0.786034
2815,f3148_21,1.000000,0.786313
2816,f3149_41,1.000000,0.786592
2817,f3150_21,1.000000,0.786872
2818,f3152_47,1.000000,0.787151
2819,f3154_48,1.000000,0.787430
2820,f3155_15,1.000000,0.787709
2821,f3161_02,1.000000,0.787989
2822,f3162_20,1.000000,0.788268
2823,f3163_24,1.000000,0.788547
2824,f3165_11,1.000000,0.788827
2825,f3166_12,1.000000,0.789106
2826,f3167_45,1.000000,0.789385
2827,f3168_20,1.000000,0.789665
2828,f3169_14,1.000000,0.789944
2829,f3170_08,1.000000,0.790223
2830,f3172_42,1.000000,0.790503
2831,f3175_03,1.000000,0.790782
2832,f3176_15,1.000000,0.791061
2833,f3177_03,1.000000,0.791341
2834,f3179_39,1.000000,0.791620
2835,f3180_41,1.000000,0.791899
2836,f3182_40,1.000000,0.792179
2837,f3183_15,1.000000,0.792458
2838,f3184_11,1.000000,0.792737
2839,f3185_38,1.000000,0.793017
2840,f3186_24,1.000000,0.793296
2841,f3188_47,1.000000,0.793575
2842,f3189_40,1.000000,0.793855
2843,f3190_08,1.000000,0.794134
2844,f3191_43,1.000000,0.794413
2845,f3192_37,1.000000,0.794693
2846,f3194_31,1.000000,0.794972
2847,f3196_35,1.000000,0.795251
2848,f3197_34,1.000000,0.795531
2849,f3198_32,1.000000,0.795810
2850,f3199_08,1.000000,0.796089
2851,f3202_01,1.000000,0.796369
2852,f3203_10,1.000000,0.796648
2853,f3204_15,1.000000,0.796927
2854,f3207_05,1.000000,0.797207
2855,f3208_06,1.000000,0.797486
2856,f3213_04,1.000000,0.797765
2857,f3214_03,1.000000,0.798045
2858,f3215_34,1.000000,0.798324
2859,f3216_33,1.000000,0.798603
2860,f3217_28,1.000000,0.798883
2861,f3218_23,1.000000,0.799162
2862,f3222_24,1.000000,0.799441
2863,f3223_18,1.000000,0.799721
2864,f3224_05,1.000000,0.800000
2865,f3226_21,1.000000,0.800279
2866,f3227_14,1.000000,0.800559
2867,f3228_48,1.000000,0.800838
2868,f3229_48,1.000000,0.801117
2869,f3230_21,1.000000,0.801397
2870,f3231_19,1.000000,0.801676
2871,f3234_23,1.000000,0.801955
2872,f3235_00,1.000000,0.802235
2873,f3237_27,1.000000,0.802514
2874,f3238_40,1.000000,0.802793
2875,f3239_36,1.000000,0.803073
2876,f3242_19,1.000000,0.803352
2877,f3244_38,1.000000,0.803631
2878,f3245_09,1.000000,0.803911
2879,f3246_06,1.000000,0.804190
2880,f3247_40,1.000000,0.804469
2881,f3248_19,1.000000,0.804749
2882,f3249_21,1.000000,0.805028
2883,f3251_33,1.000000,0.805307
2884,f3252_32,1.000000,0.805587
2885,f3253_11,1.000000,0.805866
2886,f3254_32,1.000000,0.806145
2887,f3255_43,1.000000,0.806425
2888,f3256_38,1.000000,0.806704
2889,f3258_46,1.000000,0.806983
2890,f3260_09,1.000000,0.807263
2891,f3261_00,1.000000,0.807542
2892,f3262_45,1.000000,0.807821
2893,f3263_08,1.000000,0.808101
2894,f3264_06,1.000000,0.808380
2895,f3265_08,1.000000,0.808659
2896,f3266_12,1.000000,0.808939
2897,f3267_41,1.000000,0.809218
2898,f3268_37,1.000000,0.809497
2899,f3271_09,1.000000,0.809777
2900,f3272_48,1.000000,0.810056
2901,f3273_45,1.000000,0.810335
2902,f3274_27,1.000000,0.810615
2903,f3275_40,1.000000,0.810894
2904,f3276_49,1.000000,0.811173
2905,f3277_09,1.000000,0.811453
2906,f3278_33,1.000000,0.811732
2907,f3279_28,1.000000,0.812011
2908,f3280_34,1.000000,0.812291
2909,f3282_28,1.000000,0.812570
2910,f3283_17,1.000000,0.812849
2911,f3285_15,1.000000,0.813128
2912,f3286_40,1.000000,0.813408
2913,f3288_23,1.000000,0.813687
2914,f3289_18,1.000000,0.813966
2915,f3290_01,1.000000,0.814246
2916,f3291_47,1.000000,0.814525
2917,f3292_31,1.000000,0.814804
2918,f3294_06,1.000000,0.815084
2919,f3297_22,1.000000,0.815363
2920,f3298_12,1.000000,0.815642
2921,f3299_12,1.000000,0.815922
2922,f3300_25,1.000000,0.816201
2923,f3302_29,1.000000,0.816480
2924,f3303_31,1.000000,0.816760
2925,f3304_23,1.000000,0.817039
2926,f3305_28,1.000000,0.817318
2927,f3306_39,1.000000,0.817598
2928,f3307_33,1.000000,0.817877
2929,f3308_03,1.000000,0.818156
2930,f3310_44,1.000000,0.818436
2931,f3312_28,1.000000,0.818715
2932,f3314_25,1.000000,0.818994
2933,f3315_23,1.000000,0.819274
2934,f3316_22,1.000000,0.819553
2935,f3319_48,1.000000,0.819832
2936,f3321_36,1.000000,0.820112
2937,f3322_40,1.000000,0.820391
2938,f3323_10,1.000000,0.820670
2939,f3324_05,1.000000,0.820950
2940,f3325_08,1.000000,0.821229
2941,f3329_30,1.000000,0.821508
2942,f3330_43,1.000000,0.821788
2943,f3331_20,1.000000,0.822067
2944,f3332_19,1.000000,0.822346
2945,f3333_15,1.000000,0.822626
2946,f3335_15,1.000000,0.822905
2947,f3336_15,1.000000,0.823184
2948,f3337_21,1.000000,0.823464
2949,f3338_15,1.000000,0.823743
2950,f3339_15,1.000000,0.824022
2951,f3340_15,1.000000,0.824302
2952,f3342_24,1.000000,0.824581
2953,f3343_18,1.000000,0.824860
2954,f3345_12,1.000000,0.825140
2955,f3346_12,1.000000,0.825419
2956,f3347_47,1.000000,0.825698
2957,f3348_00,1.000000,0.825978
2958,f3350_11,1.000000,0.826257
2959,f3351_27,1.000000,0.826536
2960,f3354_29,1.000000,0.826816
2961,f3355_36,1.000000,0.827095
2962,f3356_11,1.000000,0.827374
2963,f3359_42,1.000000,0.827654
2964,f3360_00,1.000000,0.827933
2965,f3361_17,1.000000,0.828212
2966,f3362_03,1.000000,0.828492
2967,f3363_42,1.000000,0.828771
2968,f3366_32,1.000000,0.829050
2969,f3368_37,1.000000,0.829330
2970,f3369_37,1.000000,0.829609
2971,f3370_37,1.000000,0.829888
2972,f3371_34,1.000000,0.830168
2973,f3372_23,1.000000,0.830447
2974,f3373_36,1.000000,0.830726
2975,f3375_30,1.000000,0.831006
2976,f3376_29,1.000000,0.831285
2977,f3377_11,1.000000,0.831564
2978,f3378_44,1.000000,0.831844
2979,f3379_03,1.000000,0.832123
2980,f3380_04,1.000000,0.832402
2981,f3381_42,1.000000,0.832682
2982,f3382_25,1.000000,0.832961
2983,f3383_24,1.000000,0.833240
2984,f3385_08,1.000000,0.833520
2985,f3386_27,1.000000,0.833799
2986,f3387_42,1.000000,0.834078
2987,f3388_36,1.000000,0.834358
2988,f3389_44,1.000000,0.834637
2989,f3390_07,1.000000,0.834916
2990,f3391_40,1.000000,0.835196
2991,f3392_06,1.000000,0.835475
2992,f3393_08,1.000000,0.835754
2993,f3394_37,1.000000,0.836034
2994,f3395_44,1.000000,0.836313
2995,f3396_07,1.000000,0.836592
2996,f3397_12,1.000000,0.836872
2997,f3399_09,1.000000,0.837151
2998,f3401_42,1.000000,0.837430
2999,f3403_48,1.000000,0.837709
3000,f3404_40,1.000000,0.837989
3001,f3405_07,1.000000,0.838268
3002,f3406_49,1.000000,0.838547
3003,f3407_40,1.000000,0.838827
3004,f3408_47,1.000000,0.839106
3005,f3410_19,1.000000,0.839385
3006,f3411_09,1.000000,0.839665
3007,f3413_34,1.000000,0.839944
3008,f3414_29,1.000000,0.840223
3009,f3415_33,1.000000,0.840503
3010,f3416_28,1.000000,0.840782
3011,f3417_01,1.000000,0.841061
3012,f3418_34,1.000000,0.841341
3013,f3420_27,1.000000,0.841620
3014,f3421_31,1.000000,0.841899
3015,f3424_24,1.000000,0.842179
3016,f3425_47,1.000000,0.842458
3017,f3426_23,1.000000,0.842737
3018,f3427_21,1.000000,0.843017
3019,f3429_41,1.000000,0.843296
3020,f3430_38,1.000000,0.843575
3021,f3431_32,1.000000,0.843855
3022,f3432_38,1.000000,0.844134
3023,f3433_10,1.000000,0.844413
3024,f3434_00,1.000000,0.844693
3025,f3435_24,1.000000,0.844972
3026,f3437_17,1.000000,0.845251
3027,f3438_08,1.000000,0.845531
3028,f3440_33,1.000000,0.845810
3029,f3441_24,1.000000,0.846089
3030,f3442_00,1.000000,0.846369
3031,f3443_42,1.000000,0.846648
3032,f3444_07,1.000000,0.846927
3033,f3445_01,1.000000,0.847207
3034,f3446_10,1.000000,0.847486
3035,f3447_20,1.000000,0.847765
3036,f3448_15,1.000000,0.848045
3037,f3449_11,1.000000,0.848324
3038,f3450_19,1.000000,0.848603
3039,f3451_01,1.000000,0.848883
3040,f3452_13,1.000000,0.849162
3041,f3453_15,1.000000,0.849441
3042,f3454_44,1.000000,0.849721
3043,f3455_32,1.000000,0.850000
3044,f3458_26,1.000000,0.850279
3045,f3459_46,1.000000,0.850559
3046,f3460_47,1.000000,0.850838
3047,f3461_23,1.000000,0.851117
3048,f3465_24,1.000000,0.851397
3049,f3466_22,1.000000,0.851676
3050,f3468_13,1.000000,0.851955
3051,f3470_24,1.000000,0.852235
3052,f3471_02,1.000000,0.852514
3053,f3472_19,1.000000,0.852793
3054,f3473_21,1.000000,0.853073
3055,f3474_05,1.000000,0.853352
3056,f3475_09,1.000000,0.853631
3057,f3477_45,1.000000,0.853911
3058,f3479_08,1.000000,0.854190
3059,f3480_48,1.000000,0.854469
3060,f3481_39,1.000000,0.854749
3061,f3482_33,1.000000,0.855028
3062,f3485_45,1.000000,0.855307
3063,f3486_00,1.000000,0.855587
3064,f3487_02,1.000000,0.855866
3065,f3488_35,1.000000,0.856145
3066,f3489_38,1.000000,0.856425
3067,f3490_39,1.000000,0.856704
3068,f3491_31,1.000000,0.856983
3069,f3493_27,1.000000,0.857263
3070,f3494_34,1.000000,0.857542
3071,f3495_01,1.000000,0.857821
3072,f3496_38,1.000000,0.858101
3073,f3497_42,1.000000,0.858380
3074,f3498_04,1.000000,0.858659
3075,f3499_36,1.000000,0.858939
3076,f3500_08,1.000000,0.859218
3077,f3501_06,1.000000,0.859497
3078,f3502_45,1.000000,0.859777
3079,f3504_46,1.000000,0.860056
3080,f3505_39,1.000000,0.860335
3081,f3509_42,1.000000,0.860615
3082,f3511_46,1.000000,0.860894
3083,f3512_31,1.000000,0.861173
3084,f3513_47,1.000000,0.861453
3085,f3514_20,1.000000,0.861732
3086,f3515_26,1.000000,0.862011
3087,f3517_27,1.000000,0.862291
3088,f3518_46,1.000000,0.862570
3089,f3520_45,1.000000,0.862849
3090,f3521_09,1.000000,0.863128
3091,f3523_31,1.000000,0.863408
3092,f3524_43,1.000000,0.863687
3093,f3525_29,1.000000,0.863966
3094,f3526_34,1.000000,0.864246
3095,f3527_33,1.000000,0.864525
3096,f3528_35,1.000000,0.864804
3097,f3529_11,1.000000,0.865084
3098,f3530_32,1.000000,0.865363
3099,f3533_31,1.000000,0.865642
3100,f3535_09,1.000000,0.865922
3101,f3536_49,1.000000,0.866201
3102,f3537_23,1.000000,0.866480
3103,f3540_36,1.000000,0.866760
3104,f3541_02,1.000000,0.867039
3105,f3542_00,1.000000,0.867318
3106,f3544_20,1.000000,0.867598
3107,f3545_06,1.000000,0.867877
3108,f3546_36,1.000000,0.868156
3109,f3547_04,1.000000,0.868436
3110,f3548_40,1.000000,0.868715
3111,f3549_47,1.000000,0.868994
3112,f3551_12,1.000000,0.869274
3113,f3552_12,1.000000,0.869553
3114,f3553_12,1.000000,0.869832
3115,f3554_18,1.000000,0.870112
3116,f3555_14,1.000000,0.870391
3117,f3556_19,1.000000,0.870670
3118,f3560_17,1.000000,0.870950
3119,f3561_09,1.000000,0.871229
3120,f3562_47,1.000000,0.871508
3121,f3563_46,1.000000,0.871788
3122,f3565_45,1.000000,0.872067
3123,f3567_49,1.000000,0.872346
3124,f3568_48,1.000000,0.872626
3125,f3569_18,1.000000,0.872905
3126,f3570_15,1.000000,0.873184
3127,f3571_20,1.000000,0.873464
3128,f3573_02,1.000000,0.873743
3129,f3574_30,1.000000,0.874022
3130,f3576_04,1.000000,0.874302
3131,f3579_30,1.000000,0.874581
3132,f3580_22,1.000000,0.874860
3133,f3581_23,1.000000,0.875140
3134,f3583_09,1.000000,0.875419
3135,f3584_47,1.000000,0.875698
3136,f3585_49,1.000000,0.875978
3137,f3586_05,1.000000,0.876257
3138,f3587_27,1.000000,0.876536
3139,f3588_33,1.000000,0.876816
3140,f3589_24,1.000000,0.877095
3141,f3591_14,1.000000,0.877374
3142,f3593_26,1.000000,0.877654
3143,f3594_23,1.000000,0.877933
3144,f3595_18,1.000000,0.878212
3145,f3596_19,1.000000,0.878492
3146,f3597_18,1.000000,0.878771
3147,f3598_35,1.000000,0.879050
3148,f3599_19,1.000000,0.879330
3149,f3600_46,1.000000,0.879609
3150,f3601_49,1.000000,0.879888
3151,f3602_12,1.000000,0.880168
3152,f3603_14,1.000000,0.880447
3153,f3604_21,1.000000,0.880726
3154,f3605_17,1.000000,0.881006
3155,f3606_19,1.000000,0.881285
3156,f3607_15,1.000000,0.881564
3157,f3608_13,1.000000,0.881844
3158,f3610_45,1.000000,0.882123
3159,f3612_13,1.000000,0.882402
3160,f3614_06,1.000000,0.882682
3161,f3615_49,1.000000,0.882961
3162,f3616_07,1.000000,0.883240
3163,f3617_43,1.000000,0.883520
3164,f3618_26,1.000000,0.883799
3165,f3619_19,1.000000,0.884078
3166,f3620_07,1.000000,0.884358
3167,f3621_14,1.000000,0.884637
3168,f3622_43,1.000000,0.884916
3169,f3623_42,1.000000,0.885196
3170,f3624_44,1.000000,0.885475
3171,f3625_17,1.000000,0.885754
3172,f3626_35,1.000000,0.886034
3173,f3627_46,1.000000,0.886313
3174,f3628_27,1.000000,0.886592
3175,f3629_19,1.000000,0.886872
3176,f3631_34,1.000000,0.887151
3177,f3633_29,1.000000,0.887430
3178,f3634_16,1.000000,0.887709
3179,f3635_09,1.000000,0.887989
3180,f3637_45,1.000000,0.888268
3181,f3638_42,1.000000,0.888547
3182,f3639_43,1.000000,0.888827
3183,f3641_13,1.000000,0.889106
3184,f3644_26,1.000000,0.889385
3185,f3645_14,1.000000,0.889665
3186,f3646_15,1.000000,0.889944
3187,f3647_13,1.000000,0.890223
3188,f3648_17,1.000000,0.890503
3189,f3649_28,1.000000,0.890782
3190,f3650_20,1.000000,0.891061
3191,f3652_48,1.000000,0.891341
3192,f3653_40,1.000000,0.891620
3193,f3654_03,1.000000,0.891899
3194,f3655_18,1.000000,0.892179
3195,f3656_42,1.000000,0.892458
3196,f3657_40,1.000000,0.892737
3197,f3659_25,1.000000,0.893017
3198,f3660_26,1.000000,0.893296
3199,f3661_19,1.000000,0.893575
3200,f3662_24,1.000000,0.893855
3201,f3663_13,1.000000,0.894134
3202,f3664_18,1.000000,0.894413
3203,f3666_48,1.000000,0.894693
3204,f3667_35,1.000000,0.894972
3205,f3668_33,1.000000,0.895251
3206,f3669_35,1.000000,0.895531
3207,f3671_04,1.000000,0.895810
3208,f3672_20,1.000000,0.896089
3209,f3673_48,1.000000,0.896369
3210,f3674_32,1.000000,0.896648
3211,f3675_24,1.000000,0.896927
3212,f3676_37,1.000000,0.897207
3213,f3678_17,1.000000,0.897486
3214,f3679_06,1.000000,0.897765
3215,f3680_36,1.000000,0.898045
3216,f3681_31,1.000000,0.898324
3217,f3682_45,1.000000,0.898603
3218,f3683_06,1.000000,0.898883
3219,f3684_46,1.000000,0.899162
3220,f3685_08,1.000000,0.899441
3221,f3686_49,1.000000,0.899721
3222,f3687_48,1.000000,0.900000
3223,f3688_07,1.000000,0.900279
3224,f3689_09,1.000000,0.900559
3225,f3691_47,1.000000,0.900838
3226,f3692_49,1.000000,0.901117
3227,f3693_03,1.000000,0.901397
3228,f3695_42,1.000000,0.901676
3229,f3696_44,1.000000,0.901955
3230,f3697_32,1.000000,0.902235
3231,f3699_41,1.000000,0.902514
3232,f3700_25,1.000000,0.902793
3233,f3701_44,1.000000,0.903073
3234,f3702_47,1.000000,0.903352
3235,f3703_10,1.000000,0.903631
3236,f3704_45,1.000000,0.903911
3237,f3705_48,1.000000,0.904190
3238,f3706_37,1.000000,0.904469
3239,f3708_28,1.000000,0.904749
3240,f3709_31,1.000000,0.905028
3241,f3710_43,1.000000,0.905307
3242,f3712_14,1.000000,0.905587
3243,f3713_40,1.000000,0.905866
3244,f3714_05,1.000000,0.906145
3245,f3716_43,1.000000,0.906425
3246,f3719_06,1.000000,0.906704
3247,f3720_15,1.000000,0.906983
3248,f3721_04,1.000000,0.907263
3249,f3722_39,1.000000,0.907542
3250,f3723_03,1.000000,0.907821
3251,f3724_32,1.000000,0.908101
3252,f3725_39,1.000000,0.908380
3253,f3726_09,1.000000,0.908659
3254,f3727_12,1.000000,0.908939
3255,f3730_33,1.000000,0.909218
3256,f3732_30,1.000000,0.909497
3257,f3733_48,1.000000,0.909777
3258,f3734_01,1.000000,0.910056
3259,f3735_09,1.000000,0.910335
3260,f3736_09,1.000000,0.910615
3261,f3738_16,1.000000,0.910894
3262,f3740_01,1.000000,0.911173
3263,f3741_12,1.000000,0.911453
3264,f3742_12,1.000000,0.911732
3265,f3743_12,1.000000,0.912011
3266,f3744_12,1.000000,0.912291
3267,f3745_12,1.000000,0.912570
3268,f3746_12,1.000000,0.912849
3269,f3747_12,1.000000,0.913128
3270,f3748_29,1.000000,0.913408
3271,f3749_27,1.000000,0.913687
3272,f3750_00,1.000000,0.913966
3273,f3751_39,1.000000,0.914246
3274,f3752_35,1.000000,0.914525
3275,f3753_43,1.000000,0.914804
3276,f3754_42,1.000000,0.915084
3277,f3755_33,1.000000,0.915363
3278,f3756_06,1.000000,0.915642
3279,f3757_19,1.000000,0.915922
3280,f3758_19,1.000000,0.916201
3281,f3759_43,1.000000,0.916480
3282,f3760_06,1.000000,0.916760
3283,f3761_12,1.000000,0.917039
3284,f3762_40,1.000000,0.917318
3285,f3763_41,1.000000,0.917598
3286,f3764_37,1.000000,0.917877
3287,f3765_44,1.000000,0.918156
3288,f3766_48,1.000000,0.918436
3289,f3767_45,1.000000,0.918715
3290,f3768_02,1.000000,0.918994
3291,f3769_10,1.000000,0.919274
3292,f3770_21,1.000000,0.919553
3293,f3771_15,1.000000,0.919832
3294,f3772_10,1.000000,0.920112
3295,f3773_14,1.000000,0.920391
3296,f3774_21,1.000000,0.920670
3297,f3775_12,1.000000,0.920950
3298,f3776_05,1.000000,0.921229
3299,f3778_23,1.000000,0.921508
3300,f3779_49,1.000000,0.921788
3301,f3781_28,1.000000,0.922067
3302,f3782_00,1.000000,0.922346
3303,f3783_47,1.000000,0.922626
3304,f3784_14,1.000000,0.922905
3305,f3785_26,1.000000,0.923184
3306,f3786_04,1.000000,0.923464
3307,f3787_15,1.000000,0.923743
3308,f3788_14,1.000000,0.924022
3309,f3789_16,1.000000,0.924302
3310,f3790_48,1.000000,0.924581
3311,f3792_21,1.000000,0.924860
3312,f3793_06,1.000000,0.925140
3313,f3794_17,1.000000,0.925419
3314,f3795_00,1.000000,0.925698
3315,f3796_14,1.000000,0.925978
3316,f3798_08,1.000000,0.926257
3317,f3799_11,1.000000,0.926536
3318,f3800_17,1.000000,0.926816
3319,f3801_00,1.000000,0.927095
3320,f3802_05,1.000000,0.927374
3321,f3803_39,1.000000,0.927654
3322,f3805_07,1.000000,0.927933
3323,f3806_01,1.000000,0.928212
3324,f3807_11,1.000000,0.928492
3325,f3808_45,1.000000,0.928771
3326,f3809_17,1.000000,0.929050
3327,f3810_05,1.000000,0.929330
3328,f3811_12,1.000000,0.929609
3329,f3812_06,1.000000,0.929888
3330,f3813_08,1.000000,0.930168
3331,f3814_43,1.000000,0.930447
3332,f3815_34,1.000000,0.930726
3333,f3816_24,1.000000,0.931006
3334,f3817_22,1.000000,0.931285
3335,f3818_27,1.000000,0.931564
3336,f3819_19,1.000000,0.931844
3337,f3820_39,1.000000,0.932123
3338,f3821_06,1.000000,0.932402
3339,f3822_47,1.000000,0.932682
3340,f3823_46,1.000000,0.932961
3341,f3825_12,1.000000,0.933240
3342,f3827_08,1.000000,0.933520
3343,f3828_24,1.000000,0.933799
3344,f3829_26,1.000000,0.934078
3345,f3831_41,1.000000,0.934358
3346,f3832_04,1.000000,0.934637
3347,f3833_03,1.000000,0.934916
3348,f3834_35,1.000000,0.935196
3349,f3835_39,1.000000,0.935475
3350,f3836_27,1.000000,0.935754
3351,f3837_30,1.000000,0.936034
3352,f3838_46,1.000000,0.936313
3353,f3840_05,1.000000,0.936592
3354,f3841_01,1.000000,0.936872
3355,f3842_45,1.000000,0.937151
3356,f3843_30,1.000000,0.937430
3357,f3844_11,1.000000,0.937709
3358,f3845_39,1.000000,0.937989
3359,f3846_02,1.000000,0.938268
3360,f3847_24,1.000000,0.938547
3361,f3848_28,1.000000,0.938827
3362,f3850_20,1.000000,0.939106
3363,f3851_19,1.000000,0.939385
3364,f3853_22,1.000000,0.939665
3365,f3854_08,1.000000,0.939944
3366,f3855_47,1.000000,0.940223
3367,f3856_34,1.000000,0.940503
3368,f3857_01,1.000000,0.940782
3369,f3858_25,1.000000,0.941061
3370,f3859_23,1.000000,0.941341
3371,f3860_20,1.000000,0.941620
3372,f3862_40,1.000000,0.941899
3373,f3863_30,1.000000,0.942179
3374,f3864_42,1.000000,0.942458
3375,f3865_26,1.000000,0.942737
3376,f3866_43,1.000000,0.943017
3377,f3867_42,1.000000,0.943296
3378,f3868_35,1.000000,0.943575
3379,f3869_23,1.000000,0.943855
3380,f3870_03,1.000000,0.944134
3381,f3871_42,1.000000,0.944413
3382,f3872_39,1.000000,0.944693
3383,f3873_37,1.000000,0.944972
3384,f3875_35,1.000000,0.945251
3385,f3876_02,1.000000,0.945531
3386,f3877_11,1.000000,0.945810
3387,f3878_43,1.000000,0.946089
3388,f3882_22,1.000000,0.946369
3389,f3883_18,1.000000,0.946648
3390,f3884_40,1.000000,0.946927
3391,f3885_04,1.000000,0.947207
3392,f3886_02,1.000000,0.947486
3393,f3887_39,1.000000,0.947765
3394,f3888_32,1.000000,0.948045
3395,f3889_26,1.000000,0.948324
3396,f3890_40,1.000000,0.948603
3397,f3892_07,1.000000,0.948883
3398,f3893_01,1.000000,0.949162
3399,f3894_37,1.000000,0.949441
3400,f3895_38,1.000000,0.949721
3401,f3896_07,1.000000,0.950000
3402,f3898_28,1.000000,0.950279
3403,f3899_30,1.000000,0.950559
3404,f3900_35,1.000000,0.950838
3405,f3902_40,1.000000,0.951117
3406,f3903_05,1.000000,0.951397
3407,f3904_45,1.000000,0.951676
3408,f3905_45,1.000000,0.951955
3409,f3906_44,1.000000,0.952235
3410,f3907_43,1.000000,0.952514
3411,f3908_41,1.000000,0.952793
3412,f3909_46,1.000000,0.953073
3413,f3912_15,1.000000,0.953352
3414,f3913_01,1.000000,0.953631
3415,f3914_30,1.000000,0.953911
3416,f3915_05,1.000000,0.954190
3417,f3916_23,1.000000,0.954469
3418,f3917_03,1.000000,0.954749
3419,f3918_03,1.000000,0.955028
3420,f3919_18,1.000000,0.955307
3421,f3921_41,1.000000,0.955587
3422,f3922_38,1.000000,0.955866
3423,f3923_00,1.000000,0.956145
3424,f3924_24,1.000000,0.956425
3425,f3925_41,1.000000,0.956704
3426,f3926_17,1.000000,0.956983
3427,f3927_00,1.000000,0.957263
3428,f3928_39,1.000000,0.957542
3429,f3929_28,1.000000,0.957821
3430,f3930_25,1.000000,0.958101
3431,f3931_13,1.000000,0.958380
3432,f3932_35,1.000000,0.958659
3433,f3933_30,1.000000,0.958939
3434,f3934_45,1.000000,0.959218
3435,f3936_41,1.000000,0.959497
3436,f3937_40,1.000000,0.959777
3437,f3938_46,1.000000,0.960056
3438,f3939_49,1.000000,0.960335
3439,f3940_26,1.000000,0.960615
3440,f3941_08,1.000000,0.960894
3441,f3942_06,1.000000,0.961173
3442,f3943_12,1.000000,0.961453
3443,f3944_02,1.000000,0.961732
3444,f3945_00,1.000000,0.962011
3445,f3946_04,1.000000,0.962291
3446,f3947_36,1.000000,0.962570
3447,f3948_41,1.000000,0.962849
3448,f3949_09,1.000000,0.963128
3449,f3950_44,1.000000,0.963408
3450,f3951_33,1.000000,0.963687
3451,f3951_47,1.000000,0.963966
3452,f3952_40,1.000000,0.964246
3453,f3953_28,1.000000,0.964525
3454,f3954_30,1.000000,0.964804
3455,f3955_03,1.000000,0.965084
3456,f3957_18,1.000000,0.965363
3457,f3958_42,1.000000,0.965642
3458,f3960_19,1.000000,0.965922
3459,f3961_03,1.000000,0.966201
3460,f3962_36,1.000000,0.966480
3461,f3963_34,1.000000,0.966760
3462,f3964_40,1.000000,0.967039
3463,f3965_14,1.000000,0.967318
3464,f3966_01,1.000000,0.967598
3465,f3967_43,1.000000,0.967877
3466,f3968_18,1.000000,0.968156
3467,f3969_02,1.000000,0.968436
3468,f3970_25,1.000000,0.968715
3469,f3971_41,1.000000,0.968994
3470,f3972_19,1.000000,0.969274
3471,f3973_27,1.000000,0.969553
3472,f3974_03,1.000000,0.969832
3473,f3975_15,1.000000,0.970112
3474,f3976_36,1.000000,0.970391
3475,f3977_39,1.000000,0.970670
3476,f3978_35,1.000000,0.970950
3477,f3979_36,1.000000,0.971229
3478,f3981_38,1.000000,0.971508
3479,f3982_48,1.000000,0.971788
3480,f3983_27,1.000000,0.972067
3481,f3985_04,1.000000,0.972346
3482,f3986_31,1.000000,0.972626
3483,f3987_13,1.000000,0.972905
3484,f3988_14,1.000000,0.973184
3485,f3989_21,1.000000,0.973464
3486,f3990_02,1.000000,0.973743
3487,f3991_38,1.000000,0.974022
3488,f3992_46,1.000000,0.974302
3489,f3994_27,1.000000,0.974581
3490,f3995_18,1.000000,0.974860
3491,f3996_02,1.000000,0.975140
3492,f3997_45,1.000000,0.975419
3493,f3998_40,1.000000,0.975698
3494,f3999_42,1.000000,0.975978
3495,f4000_40,1.000000,0.976257
3496,f4001_45,1.000000,0.976536
3497,f4002_46,1.000000,0.976816
3498,f4003_07,1.000000,0.977095
3499,f4004_35,1.000000,0.977374
3500,f4005_01,1.000000,0.977654
3501,f4006_12,1.000000,0.977933
3502,f4007_21,1.000000,0.978212
3503,f4008_34,1.000000,0.978492
3504,f4009_27,1.000000,0.978771
3505,f4010_12,1.000000,0.979050
3506,f4011_12,1.000000,0.979330
3507,f4012_13,1.000000,0.979609
3508,f4013_32,1.000000,0.979888
3509,f4014_43,1.000000,0.980168
3510,f4015_05,1.000000,0.980447
3511,f4017_11,1.000000,0.980726
3512,f4018_10,1.000000,0.981006
3513,f4019_00,1.000000,0.981285
3514,f4020_15,1.000000,0.981564
3515,f4021_01,1.000000,0.981844
3516,f4022_12,1.000000,0.982123
3517,f4023_00,1.000000,0.982402
3518,f4024_12,1.000000,0.982682
3519,f4025_17,1.000000,0.982961
3520,f4026_43,1.000000,0.983240
3521,f4027_34,1.000000,0.983520
3522,f4028_44,1.000000,0.983799
3523,f4029_29,1.000000,0.984078
3524,f4030_29,1.000000,0.984358
3525,f4031_33,1.000000,0.984637
3526,f4032_33,1.000000,0.984916
3527,f4033_05,1.000000,0.985196
3528,f4034_28,1.000000,0.985475
3529,f4035_29,1.000000,0.985754
3530,f4037_48,1.000000,0.986034
3531,f4038_15,1.000000,0.986313
3532,f4040_28,1.000000,0.986592
3533,f4041_39,1.000000,0.986872
3534,f4042_33,1.000000,0.987151
3535,f4043_08,1.000000,0.987430
3536,f4046_46,1.000000,0.987709
3537,f4047_15,1.000000,0.987989
3538,f4048_24,1.000000,0.988268
3539,f4049_18,1.000000,0.988547
3540,f4051_49,1.000000,0.988827
3541,f4052_33,1.000000,0.989106
3542,f4053_14,1.000000,0.989385
3543,f4054_12,1.000000,0.989665
3544,f4055_44,1.000000,0.989944
3545,f4056_41,1.000000,0.990223
3546,f4057_40,1.000000,0.990503
3547,f4059_48,1.000000,0.990782
3548,f4062_17,1.000000,0.991061
3549,f4064_46,1.000000,0.991341
3550,f4065_47,1.000000,0.991620
3551,f4066_22,1.000000,0.991899
3552,f4067_23,1.000000,0.992179
3553,f4068_21,1.000000,0.992458
3554,f4069_03,1.000000,0.992737
3555,f4070_43,1.000000,0.993017
3556,f4071_32,1.000000,0.993296
3557,f4072_44,1.000000,0.993575
3558,f4073_38,1.000000,0.993855
3559,f4074_12,1.000000,0.994134
3560,f4075_12,1.000000,0.994413
3561,f4076_42,1.000000,0.994693
3562,f4077_42,1.000000,0.994972
3563,f4078_05,1.000000,0.995251
3564,f4079_43,1.000000,0.995531
3565,f4080_22,1.000000,0.995810
3566,f4081_24,1.000000,0.996089
3567,f4082_29,1.000000,0.996369
3568,f4084_14,1.000000,0.996648
3569,f4085_42,1.000000,0.996927
3570,f4087_40,1.000000,0.997207
3571,f4088_26,1.000000,0.997486
3572,f4089_12,1.000000,0.997765
3573,f4090_35,1.000000,0.998045
3574,f4091_23,1.000000,0.998324
3575,f4092_24,1.000000,0.998603
3576,f4094_49,1.000000,0.998883
3577,f4095_43,1.000000,0.999162
3578,f4096_14,1.000000,0.999441
3579,f4097_41,1.000000,0.999721
3580,f4099_10,1.000000,1.000000
