writer,total,0,1,2,3,4,5,6,7,8,9
f0000_14,104,12,11,11,12,9,8,10,11,9,11
f0001_41,122,12,13,13,13,13,10,13,13,10,12
f0002_01,108,10,12,10,13,11,9,8,11,12,12
f0003_42,100,11,11,7,11,9,12,10,10,11,8
f0004_09,73,10,10,7,7,7,6,7,8,8,3
f0005_26,82,6,12,7,9,8,7,6,9,8,10
f0006_12,112,10,13,12,10,12,8,11,13,13,10
f0007_14,101,10,12,10,12,11,9,8,10,9,10
f0008_45,116,13,13,11,13,12,8,12,13,11,10
f0009_06,122,13,12,12,13,11,13,13,12,12,11
f0010_18,126,12,12,13,13,13,13,12,13,13,12
f0011_13,114,12,12,10,13,10,12,11,13,10,11
f0012_39,84,8,12,7,10,6,7,7,9,9,9
f0013_38,103,9,12,12,11,12,9,11,10,8,9
f0014_19,120,13,12,11,12,13,11,11,11,13,13
f0015_48,101,12,9,10,8,8,9,11,11,12,11
f0016_39,94,10,12,5,8,11,11,10,8,11,8
f0017_07,122,13,14,12,13,11,11,12,12,13,11
f0018_13,109,10,12,11,12,10,9,11,10,11,13
f0019_38,119,12,13,11,13,13,10,11,13,11,12
f0020_08,100,11,12,10,12,9,7,7,11,9,12
f0021_34,124,13,13,12,10,12,12,13,13,13,13
f0022_10,99,8,12,9,9,13,6,9,13,12,8
f0023_08,118,13,12,12,12,13,10,12,12,10,12
f0024_24,103,11,13,11,8,10,6,9,12,13,10
f0025_13,76,7,10,7,10,4,8,8,9,6,7
f0026_17,103,11,12,7,13,11,8,10,10,10,11
f0027_29,125,13,13,13,12,11,12,13,13,12,13
f0028_05,123,13,12,12,13,13,10,13,12,12,13
f0029_05,107,11,12,10,13,8,11,12,13,9,8
f0030_12,112,11,13,12,13,6,10,13,12,11,11
f0031_02,106,11,12,12,10,11,9,11,9,9,12
f0032_27,84,12,11,7,4,11,5,10,10,7,7
f0033_49,79,8,11,9,7,4,9,7,8,8,8
f0034_08,104,13,12,12,12,10,9,9,9,7,11
f0035_19,119,13,15,13,13,10,11,10,12,13,9
f0036_39,103,11,12,10,10,11,6,10,11,10,12
f0037_16,129,13,14,13,13,13,11,13,13,13,13
f0038_42,80,12,8,6,8,8,6,8,8,9,7
f0039_14,98,12,11,8,9,8,7,8,12,13,10
f0040_25,119,11,13,13,12,13,9,11,13,11,13
f0041_30,107,12,11,12,11,13,8,11,13,9,7
f0042_43,83,12,13,9,9,6,6,7,9,6,6
f0043_10,115,12,14,11,10,10,11,13,12,11,11
f0044_12,94,11,10,10,11,9,7,10,10,6,10
f0045_12,124,13,13,13,13,11,11,13,13,13,11
f0046_20,126,13,13,13,13,10,13,12,13,13,13
f0047_00,109,12,11,10,12,10,9,9,11,12,13
f0048_00,60,8,8,5,0,7,4,8,11,4,5
f0049_32,120,12,12,10,13,13,12,13,12,11,12
f0050_10,109,11,12,11,12,13,9,9,11,11,10
f0051_42,129,13,13,13,13,13,13,13,12,13,13
f0052_42,19,3,6,0,3,1,1,1,2,2,0
f0053_23,109,11,13,11,13,11,5,10,10,12,13
f0054_14,123,12,13,12,12,12,12,13,12,12,13
f0055_09,119,13,13,9,13,12,13,12,12,12,10
f0056_01,97,12,12,8,9,11,8,11,9,7,10
f0057_20,123,13,13,11,13,13,10,13,13,12,12
f0058_07,119,12,13,12,13,10,10,11,13,12,13
f0059_21,123,13,12,12,13,13,13,11,12,12,12
f0060_43,102,10,14,11,11,11,7,9,13,5,11
f0061_45,114,12,12,13,13,12,4,13,11,13,11
f0062_25,121,13,13,11,12,13,11,12,13,11,12
f0063_38,116,12,12,12,12,12,9,11,12,11,13
f0064_04,112,12,16,11,13,7,12,12,10,9,10
f0065_00,93,9,11,9,13,6,4,9,10,11,11
f0066_37,125,13,12,12,13,13,12,13,13,13,11
f0067_25,78,9,11,9,9,7,1,8,11,5,8
f0068_00,94,11,11,9,9,7,12,8,12,7,8
f0069_14,122,13,12,13,12,13,11,11,12,13,12
f0070_14,123,13,13,11,13,13,12,12,12,11,13
f0071_21,86,8,10,11,11,6,5,7,10,8,10
f0072_36,98,9,13,7,11,8,8,12,9,10,11
f0073_45,102,11,12,9,12,10,8,9,11,8,12
f0074_07,94,11,11,10,12,9,7,7,9,10,8
f0075_46,111,12,13,12,12,9,9,8,12,13,11
f0076_06,100,9,13,10,11,7,8,9,11,11,11
f0077_13,119,12,15,11,12,12,13,9,12,12,11
f0078_48,119,10,13,12,13,11,12,11,13,12,12
f0079_06,72,6,8,6,10,7,3,7,6,8,11
f0080_14,114,13,13,10,12,12,6,11,13,13,11
f0081_26,101,9,12,8,13,10,7,9,11,10,12
f0082_40,75,8,13,5,10,6,4,3,10,6,10
f0083_09,104,12,13,10,11,9,8,7,11,12,11
f0084_19,106,11,13,11,11,13,6,8,12,9,12
f0085_01,84,7,8,8,13,7,6,7,9,7,12
f0086_47,123,13,12,11,13,13,12,12,13,12,12
f0087_24,112,12,13,10,11,11,10,9,12,13,11
f0088_22,108,13,12,11,11,10,10,9,10,11,11
f0089_16,116,11,11,12,13,13,11,10,13,10,12
f0090_10,109,13,11,12,9,10,10,10,11,13,10
f0091_26,105,10,13,11,12,12,5,8,11,12,11
f0092_16,115,12,10,8,12,12,12,13,12,11,13
f0093_24,125,13,12,13,13,12,13,11,13,13,12
f0094_41,121,12,13,12,12,12,13,11,10,13,13
f0095_41,115,12,14,12,13,12,8,13,12,9,10
f0096_45,110,13,11,11,12,12,6,11,12,11,11
f0097_05,118,13,12,13,13,11,9,11,11,13,12
f0098_33,101,12,12,10,12,7,10,9,9,9,11
f0099_18,125,12,12,13,12,12,13,13,13,13,12
f0100_42,127,13,12,13,13,13,13,13,13,12,12
f0101_44,118,10,14,12,13,11,11,12,13,12,10
f0102_31,127,13,13,13,13,13,13,13,12,11,13
f0103_28,101,8,12,13,9,8,9,11,11,11,9
f0104_43,114,12,11,13,11,13,8,13,12,9,12
f0105_03,92,11,8,6,9,12,9,6,11,11,9
f0106_05,110,11,12,11,13,8,11,12,13,10,9
f0107_06,119,13,9,12,13,13,12,11,11,13,12
f0108_12,118,12,13,11,12,12,12,12,12,12,10
f0109_19,95,8,12,10,8,10,8,12,11,7,9
f0110_48,116,13,11,11,10,12,11,11,11,13,13
f0111_36,109,11,12,10,13,9,11,11,12,11,9
f0112_07,127,12,13,12,13,12,13,13,13,13,13
f0113_31,102,11,13,10,11,8,11,10,9,8,11
f0114_20,100,11,14,11,12,9,6,10,12,6,9
f0115_34,116,13,12,11,13,12,9,10,13,13,10
f0116_23,102,9,13,10,12,8,7,11,9,11,12
f0117_11,110,9,12,13,12,9,8,11,12,13,11
f0118_07,122,11,12,13,13,11,12,13,13,13,11
f0119_44,127,12,16,13,13,10,13,13,13,13,11
f0120_29,102,8,13,7,12,11,7,10,12,12,10
f0121_11,127,13,13,13,13,12,12,13,13,13,12
f0122_45,93,11,9,8,11,9,10,11,8,9,7
f0123_28,109,11,16,12,10,6,12,13,10,12,7
f0124_11,129,13,12,13,13,13,13,13,13,13,13
f0125_02,83,7,13,4,10,6,7,7,11,11,7
f0126_41,119,13,12,13,13,9,13,13,11,13,9
f0127_07,120,11,13,13,11,11,13,12,13,11,12
f0128_00,94,11,12,8,11,8,7,7,12,7,11
f0129_32,79,8,13,9,9,5,7,7,7,5,9
f0130_28,119,10,13,12,12,12,10,13,12,12,13
f0131_03,117,12,13,12,11,12,12,11,12,10,12
f0132_17,121,13,13,13,11,12,10,13,13,13,10
f0133_23,114,11,13,10,12,12,6,13,11,13,13
f0134_33,102,10,12,11,11,8,10,11,7,12,10
f0135_03,102,13,13,9,12,10,8,8,9,10,10
f0136_18,117,12,13,10,11,11,11,13,11,12,13
f0137_14,100,10,13,9,8,10,10,10,10,11,9
f0138_30,115,11,11,12,11,11,12,12,13,11,11
f0139_23,72,6,12,3,5,4,3,9,10,10,10
f0140_09,68,11,10,5,8,7,3,6,6,5,7
f0141_43,119,12,13,13,13,13,13,10,9,13,10
f0142_39,70,6,8,9,7,3,2,3,11,12,9
f0143_00,111,11,13,9,12,12,6,11,13,13,11
f0144_05,128,13,13,13,13,13,13,12,13,12,13
f0145_33,100,12,11,9,10,11,6,9,11,9,12
f0146_33,91,11,10,7,10,9,6,9,10,8,11
f0147_13,118,13,10,12,11,12,12,14,13,11,10
f0148_21,46,4,9,3,7,4,1,2,6,3,7
f0149_15,95,9,13,12,10,7,10,7,7,9,11
f0150_25,94,7,13,8,11,12,8,7,8,9,11
f0151_02,81,7,9,6,11,3,6,9,10,11,9
f0152_02,124,13,13,13,13,12,13,9,12,13,13
f0153_35,126,13,13,13,12,12,13,12,13,13,12
f0154_34,105,9,12,12,12,11,9,12,12,8,8
f0155_13,127,13,13,12,13,13,12,12,13,13,13
f0156_09,104,11,15,10,11,10,7,7,12,12,9
f0157_12,119,13,11,12,12,12,11,13,13,11,11
f0158_20,122,13,13,13,13,13,11,12,11,12,11
f0159_14,115,12,12,11,13,12,11,10,12,11,11
f0160_11,102,11,12,7,13,13,5,8,13,10,10
f0161_16,121,13,13,11,12,12,13,12,13,11,11
f0162_02,112,11,13,12,12,8,9,9,12,13,13
f0163_13,110,11,10,11,12,10,7,12,13,13,11
f0164_32,122,11,13,12,13,12,12,13,11,13,12
f0165_04,87,11,11,13,10,7,2,6,9,9,9
f0166_12,106,11,10,11,10,10,7,10,12,13,12
f0167_33,104,11,12,10,11,10,10,10,12,9,9
f0168_36,119,13,13,12,12,11,13,13,13,10,9
f0169_09,94,10,12,7,11,6,10,10,9,10,9
f0170_40,109,11,12,11,11,10,11,11,11,11,10
f0171_26,130,13,13,13,13,13,13,13,13,13,13
f0172_40,125,13,13,13,13,11,11,12,13,13,13
f0173_00,105,9,12,11,13,8,7,11,11,12,11
f0174_06,114,11,13,12,10,12,10,11,10,13,12
f0175_47,113,13,13,11,12,9,10,13,11,11,10
f0176_30,99,9,12,7,13,11,7,9,11,9,11
f0177_16,91,11,12,11,9,9,7,6,10,8,8
f0178_39,106,12,12,10,13,13,8,7,11,10,10
f0179_22,104,10,12,12,12,10,9,12,8,9,10
f0180_29,95,10,12,11,8,10,7,11,10,8,8
f0181_31,113,9,13,12,10,11,11,13,11,10,13
f0182_29,58,8,12,2,4,3,4,4,6,10,5
f0183_22,104,11,11,10,11,12,7,10,9,12,11
f0184_49,100,9,10,8,13,12,7,10,12,10,9
f0185_23,126,13,13,13,12,12,11,13,13,13,13
f0186_14,110,13,12,9,10,11,11,10,13,10,11
f0187_18,122,13,13,13,12,10,13,13,12,11,12
f0188_36,121,13,13,13,13,10,9,13,12,13,12
f0189_49,96,9,10,11,8,10,8,11,8,10,11
f0190_12,123,13,11,12,13,12,11,13,13,13,12
f0191_22,121,12,16,12,13,12,13,13,9,12,9
f0192_22,107,11,12,12,12,8,10,11,9,10,12
f0193_48,66,11,4,7,7,4,4,7,7,7,8
f0194_30,100,10,13,9,13,7,8,9,11,8,12
f0195_27,95,11,12,7,10,6,9,11,8,8,13
f0196_10,127,13,13,13,13,13,11,13,12,13,13
f0197_34,124,12,13,13,13,13,11,12,13,12,12
f0198_18,110,7,10,12,13,13,12,12,9,12,10
f0199_01,121,12,13,12,13,10,12,12,13,12,12
f0200_38,62,9,10,8,5,4,4,7,4,4,7
f0201_34,102,12,12,11,10,10,7,10,11,11,8
f0202_09,109,12,12,10,9,10,11,9,12,12,12
f0203_21,123,12,12,13,12,12,12,13,13,12,12
f0204_21,109,7,11,10,13,13,12,11,10,12,10
f0205_15,109,12,12,12,12,10,8,11,11,11,10
f0206_38,88,9,12,7,7,8,5,8,11,10,11
f0207_46,123,13,13,13,12,13,10,12,13,12,12
f0208_05,126,13,13,13,13,13,12,12,13,12,12
f0209_30,97,11,9,9,9,10,11,8,12,9,9
f0210_17,116,11,12,10,10,12,12,13,13,11,12
f0211_26,121,12,13,13,13,13,9,12,12,12,12
f0212_24,84,11,10,9,9,4,6,6,10,8,11
f0213_49,81,7,11,4,10,5,6,9,10,10,9
f0214_05,113,11,12,12,13,11,9,11,11,11,12
f0215_32,92,9,15,10,11,6,8,11,11,5,6
f0216_26,81,6,13,9,9,2,4,8,12,8,10
f0217_16,85,8,9,7,8,9,5,9,12,9,9
f0218_04,120,13,12,12,12,11,11,13,13,12,11
f0219_48,117,11,12,11,12,13,12,11,13,12,10
f0220_49,111,12,12,12,12,11,10,9,11,11,11
f0221_37,116,12,13,13,13,11,9,10,12,12,11
f0222_06,105,10,12,13,12,13,7,7,12,11,8
f0223_49,108,8,13,12,13,10,11,12,9,9,11
f0224_06,114,12,13,13,11,11,11,9,10,13,11
f0225_20,81,8,12,8,8,5,5,10,10,8,7
f0226_08,126,13,12,13,13,13,13,13,13,12,11
f0227_27,111,13,13,11,11,9,11,12,11,11,9
f0228_36,117,12,13,12,12,13,10,13,13,11,8
f0229_10,95,11,10,11,10,11,10,10,10,7,5
f0230_04,79,10,8,8,11,7,4,8,8,7,8
f0231_43,114,13,12,11,12,12,10,11,12,11,10
f0232_28,65,8,7,6,4,4,4,7,8,8,9
f0233_14,107,10,12,11,13,11,12,12,8,8,10
f0234_16,123,13,12,13,13,12,12,13,12,13,10
f0235_17,115,13,11,13,12,10,9,12,13,10,12
f0236_17,116,13,13,12,11,12,10,10,12,12,11
f0237_46,103,9,13,10,12,12,11,8,9,12,7
f0238_02,90,6,12,7,8,9,8,11,10,10,9
f0239_15,109,12,13,12,11,11,10,11,11,9,9
f0240_02,124,13,13,10,13,13,12,13,12,13,12
f0241_46,127,13,13,13,13,11,13,13,13,13,12
f0242_22,101,12,11,10,11,10,9,10,9,11,8
f0243_29,124,13,12,13,13,12,12,12,13,13,11
f0244_47,53,7,8,5,4,4,2,5,7,5,6
f0245_40,112,10,12,11,13,11,9,12,13,11,10
f0246_12,123,13,13,12,13,11,10,12,13,13,13
f0247_12,96,11,11,11,10,9,7,9,11,8,9
f0248_43,119,12,11,13,12,13,11,12,12,13,10
f0249_46,107,13,11,10,12,12,4,12,12,13,8
f0250_37,79,12,13,8,9,9,5,4,6,4,9
f0251_00,104,11,13,7,11,12,9,11,12,9,9
f0252_30,116,11,13,12,11,11,11,9,13,12,13
f0253_40,102,8,12,11,11,10,11,10,10,8,11
f0254_46,125,11,13,13,13,13,13,13,11,13,12
f0255_48,129,13,14,13,13,13,13,12,13,13,12
f0256_08,122,13,13,11,13,13,10,12,13,12,12
f0257_46,88,13,8,9,8,11,4,9,12,5,9
f0258_41,124,13,13,13,13,13,9,13,13,13,11
f0259_41,113,11,12,10,12,12,11,9,11,12,13
f0260_38,121,12,13,13,12,13,10,12,12,13,11
f0261_06,124,13,12,12,13,11,13,13,13,11,13
f0262_15,113,12,13,13,12,8,11,10,11,11,12
f0263_31,125,13,13,13,13,13,12,12,11,12,13
f0264_18,123,12,13,13,13,10,13,12,13,12,12
f0265_39,127,13,13,13,13,13,10,13,13,13,13
f0266_14,116,13,13,12,12,12,8,11,11,13,11
f0267_24,117,11,13,12,12,10,12,11,13,12,11
f0268_19,97,10,12,11,8,8,6,8,12,10,12
f0269_21,83,11,10,4,10,9,6,7,8,10,8
f0270_23,91,9,13,11,12,12,6,10,12,3,3
f0271_05,122,12,13,12,13,11,13,13,13,11,11
f0272_13,105,8,13,9,11,13,9,9,12,10,11
f0273_27,111,11,12,9,12,9,11,12,11,11,13
f0274_49,116,11,13,12,13,13,11,12,10,10,11
f0275_17,107,12,13,11,12,10,7,10,13,9,10
f0276_07,111,11,12,10,13,10,10,9,14,11,11
f0277_33,99,10,11,8,11,10,13,10,7,10,9
f0278_07,125,11,13,13,11,13,13,13,13,12,13
f0279_03,109,9,13,11,10,13,9,11,13,11,9
f0280_20,112,12,13,11,12,11,7,10,13,11,12
f0281_47,126,13,12,12,13,12,12,13,13,13,13
f0282_04,72,8,3,8,11,5,10,8,7,6,6
f0283_31,124,12,12,13,13,12,12,13,13,12,12
f0284_34,108,9,12,11,9,10,12,13,13,9,10
f0285_23,111,12,13,12,10,11,11,11,11,11,9
f0286_16,90,8,10,10,9,11,4,10,12,6,10
f0287_15,115,10,12,13,11,12,10,13,12,10,12
f0288_48,104,12,12,9,11,9,9,10,9,12,11
f0289_10,67,8,11,11,7,3,2,7,4,8,6
f0290_29,104,13,13,7,10,9,9,7,13,13,10
f0291_06,101,8,13,12,9,9,9,11,10,10,10
f0292_16,128,13,12,13,13,13,13,13,13,12,13
f0293_40,122,13,13,13,13,13,10,10,12,12,13
f0294_18,70,8,12,7,7,6,2,5,9,6,8
f0295_17,123,11,12,13,12,13,11,12,14,13,12
f0296_20,101,11,13,11,10,7,8,11,11,10,9
f0297_05,117,12,13,11,13,12,13,12,10,11,10
f0298_13,100,12,9,9,12,10,8,8,10,12,10
f0299_33,94,11,12,10,8,9,6,10,9,12,7
f0300_24,93,10,12,10,10,8,6,11,11,9,6
f0301_33,108,13,13,9,10,11,11,11,13,10,7
f0302_47,109,13,13,10,11,11,8,10,12,9,12
f0303_00,121,10,14,13,13,12,10,12,12,14,11
f0304_23,109,12,13,10,13,13,9,10,13,9,7
f0305_08,112,12,15,11,10,12,10,11,10,9,12
f0306_35,79,11,10,7,11,5,4,8,12,6,5
f0307_12,100,13,12,8,11,9,7,9,11,9,11
f0308_10,91,9,12,9,11,7,6,10,11,10,6
f0309_42,120,12,13,12,11,12,12,11,13,13,11
f0310_32,122,13,12,11,13,13,11,13,12,13,11
f0311_48,126,13,13,13,13,13,12,12,13,13,11
f0312_43,124,11,13,13,13,13,11,13,13,12,12
f0313_43,112,11,13,12,13,10,6,10,13,14,10
f0314_27,121,12,13,13,13,12,10,12,13,11,12
f0315_31,125,13,13,12,12,12,13,13,13,12,12
f0316_21,117,13,13,11,13,13,8,12,12,12,10
f0317_44,125,12,16,13,13,9,12,13,13,12,12
f0318_44,102,10,12,9,11,11,11,10,7,11,10
f0319_32,83,9,13,9,9,7,7,8,9,7,5
f0320_41,126,13,14,13,13,10,13,12,13,13,12
f0321_36,120,12,12,11,12,11,11,13,13,13,12
f0322_19,75,6,12,11,6,7,6,7,6,6,8
f0323_17,119,12,12,13,11,13,12,10,12,12,12
f0324_42,103,12,14,10,12,7,6,8,11,12,11
f0325_17,90,10,8,6,13,11,6,7,11,9,9
f0326_35,120,12,12,11,13,13,11,13,12,12,11
f0327_43,112,12,13,12,10,13,6,10,13,11,12
f0328_12,123,12,13,11,13,13,13,12,13,12,11
f0329_34,128,13,13,12,13,13,12,13,13,13,13
f0330_09,107,13,13,10,9,11,9,11,12,11,8
f0331_41,88,10,13,8,8,8,8,6,9,9,9
f0332_15,128,13,13,13,13,12,13,12,13,13,13
f0333_01,109,12,12,13,13,10,9,12,8,9,11
f0334_01,102,10,13,10,9,8,11,12,10,10,9
f0335_14,130,13,14,13,13,12,13,13,13,13,13
f0336_37,119,13,13,12,12,12,11,12,13,10,11
f0337_24,128,13,13,13,12,13,13,13,13,13,12
f0338_35,120,12,11,13,13,11,12,12,13,13,10
f0339_11,97,10,11,12,12,7,8,5,8,13,11
f0340_05,107,12,12,13,10,11,9,11,10,10,9
f0341_00,68,4,11,4,7,9,1,8,10,6,8
f0342_31,97,13,13,10,11,11,6,9,9,6,9
f0343_35,129,13,13,13,13,13,13,12,13,13,13
f0344_25,125,13,12,12,13,13,12,13,12,12,13
f0345_23,123,12,12,13,13,13,9,13,12,13,13
f0346_40,94,11,11,10,12,7,6,8,10,9,10
f0347_04,130,13,13,13,13,13,13,13,13,13,13
f0348_46,107,9,12,12,11,12,11,10,11,9,10
f0349_40,101,11,11,10,9,7,10,11,11,10,11
f0350_03,120,13,13,12,12,11,12,11,11,13,12
f0351_22,111,11,12,11,11,10,11,11,9,13,12
f0352_09,95,12,13,10,7,4,6,11,12,11,9
f0353_18,124,13,13,12,13,13,12,11,12,13,12
f0354_10,60,7,9,8,5,6,4,7,4,4,6
f0355_32,126,13,12,12,13,13,13,13,12,13,12
f0356_41,100,11,11,10,12,11,5,9,11,10,10
f0357_21,105,9,13,9,13,12,8,10,13,8,10
f0358_32,100,11,13,10,10,9,8,10,10,9,10
f0359_05,123,13,13,13,11,12,13,13,13,12,10
f0360_15,127,13,13,12,13,13,13,12,13,12,13
f0361_07,115,12,10,12,13,10,11,13,12,10,12
f0362_44,91,9,13,8,10,10,5,8,8,9,11
f0363_43,56,5,7,7,6,5,2,8,8,3,5
f0364_10,119,11,13,13,12,10,12,12,13,13,10
f0365_07,85,10,8,8,11,8,5,9,8,7,11
f0366_08,103,11,13,9,8,9,12,11,12,10,8
f0367_33,121,13,14,13,12,9,12,11,13,12,12
f0368_39,113,9,13,11,12,12,11,10,13,10,12
f0369_34,103,13,14,9,11,8,8,10,11,10,9
f0370_20,97,10,10,8,10,11,9,11,11,8,9
f0371_24,96,8,12,12,10,8,8,7,13,11,7
f0372_33,86,10,11,7,8,10,4,10,11,9,6
f0373_35,124,13,11,13,13,12,11,13,13,12,13
f0374_13,120,12,12,12,12,11,13,11,13,12,12
f0375_07,87,12,7,10,10,7,6,10,9,7,9
f0376_05,96,8,11,9,9,10,6,10,13,12,8
f0377_25,97,12,14,9,10,10,7,10,10,7,8
f0378_12,100,10,13,11,13,7,10,12,9,7,8
f0379_10,124,12,12,12,12,13,12,13,13,13,12
f0380_37,119,13,12,13,12,10,10,13,13,12,11
f0381_28,107,14,12,11,10,5,11,9,12,13,10
f0382_03,119,11,12,12,13,10,12,12,11,13,13
f0383_43,125,12,13,13,13,12,12,13,12,13,12
f0384_36,105,10,13,12,13,12,8,12,11,8,6
f0385_18,111,12,12,13,12,6,9,11,13,11,12
f0386_15,93,10,18,11,11,5,8,8,7,8,7
f0387_49,116,12,12,12,11,12,9,12,11,13,12
f0388_26,103,10,13,13,11,10,6,8,11,9,12
f0389_38,108,12,12,10,9,9,10,12,12,10,12
f0390_33,102,10,13,12,10,10,9,8,13,8,9
f0391_32,121,13,14,13,12,12,12,13,13,10,9
f0392_15,126,13,13,13,12,13,13,13,13,13,10
f0393_18,97,8,10,13,12,8,10,13,7,9,7
f0394_00,107,10,11,10,11,11,9,12,12,9,12
f0395_15,127,13,13,13,13,12,12,12,13,13,13
f0396_05,90,9,12,6,12,5,6,8,9,12,11
f0397_27,125,13,12,13,13,12,12,11,13,13,13
f0398_37,122,13,12,13,13,13,12,11,12,13,10
f0399_44,116,9,13,12,13,12,10,11,11,12,13
f0400_25,93,11,13,12,8,9,6,8,8,11,7
f0401_11,120,12,13,11,13,11,11,12,13,12,12
f0402_38,124,13,13,13,12,10,13,13,13,12,12
f0403_29,111,10,12,10,10,11,12,9,12,12,13
f0404_33,124,13,12,13,11,13,13,13,12,12,12
f0405_20,117,13,12,13,11,10,12,11,11,12,12
f0406_00,101,10,12,12,13,11,4,9,11,10,9
f0407_39,109,12,13,10,9,10,11,10,13,11,10
f0408_03,96,8,12,10,8,11,6,9,10,10,12
f0409_49,106,11,12,12,12,8,10,9,10,11,11
f0410_43,103,7,14,12,12,10,8,9,12,11,8
f0411_01,73,7,10,7,9,9,4,6,9,7,5
f0412_26,112,12,11,10,13,12,10,10,12,11,11
f0413_09,99,12,12,9,10,8,8,9,11,12,8
f0414_22,85,8,9,8,9,7,8,10,7,11,8
f0415_28,129,13,14,13,13,13,13,13,12,13,12
f0416_07,60,7,8,6,6,3,4,7,9,4,6
f0417_44,90,9,12,9,10,10,8,9,8,7,8
f0418_21,70,5,13,8,5,10,2,1,11,5,10
f0419_29,109,12,11,11,12,10,10,11,11,11,10
f0420_19,126,12,13,13,13,12,13,13,13,13,11
f0421_33,99,14,16,10,10,10,7,4,12,9,7
f0422_45,120,12,13,13,12,12,11,13,12,11,11
f0423_04,107,10,13,12,12,10,12,11,12,6,9
f0424_27,66,7,7,7,8,5,5,6,8,7,6
f0425_42,87,11,10,3,11,8,5,11,12,9,7
f0426_47,57,7,8,6,3,6,4,7,5,7,4
f0427_40,111,12,13,9,12,9,11,12,12,10,11
f0428_41,95,9,10,10,8,9,4,11,11,11,12
f0429_13,90,10,14,11,6,7,9,6,11,7,9
f0430_02,121,11,14,9,12,12,13,13,12,12,13
f0431_36,123,13,13,12,13,13,8,12,13,13,13
f0432_28,72,9,13,6,6,8,4,7,6,6,7
f0433_14,101,12,12,10,13,10,5,10,10,9,10
f0434_21,113,13,11,12,12,12,10,10,12,10,11
f0435_37,95,12,12,12,11,7,5,9,9,12,6
f0436_17,123,13,13,12,13,11,13,13,13,11,11
f0437_05,106,8,10,9,13,11,12,10,11,11,11
f0438_19,103,12,13,10,11,12,6,9,8,11,11
f0439_08,124,12,13,12,13,11,12,12,13,13,13
f0440_17,96,9,9,10,13,10,6,9,11,9,10
f0441_00,119,13,13,10,12,12,11,13,11,13,11
f0442_00,122,13,12,12,12,12,12,13,13,12,11
f0443_21,120,13,12,12,13,12,12,11,11,12,12
f0444_34,128,12,13,12,13,13,13,13,13,13,13
f0445_46,115,12,12,11,12,12,11,12,12,11,10
f0446_03,126,13,13,12,12,13,12,13,13,12,13
f0447_21,68,9,10,8,7,5,2,5,6,7,9
f0448_39,119,12,12,13,12,10,12,13,13,9,13
f0449_22,81,6,10,7,10,4,5,6,9,12,12
f0450_41,124,13,10,13,13,13,13,12,11,13,13
f0451_44,113,11,11,12,12,12,10,11,12,11,11
f0452_37,86,12,11,11,10,4,5,9,8,10,6
f0453_45,125,12,13,13,13,11,12,12,13,13,13
f0454_20,112,12,13,10,10,9,12,11,12,12,11
f0455_26,78,7,9,8,11,8,6,8,9,5,7
f0456_45,116,13,11,10,11,13,12,13,11,11,11
f0457_13,94,9,12,9,11,10,4,11,11,9,8
f0458_38,121,13,13,13,11,13,11,12,11,12,12
f0459_12,96,14,12,12,11,8,5,6,11,8,9
f0460_02,125,12,13,13,13,13,12,13,12,12,12
f0461_47,127,13,13,12,13,12,13,13,13,13,12
f0462_07,79,11,9,7,9,4,6,8,9,8,8
f0463_09,107,13,10,10,10,12,11,11,12,10,8
f0464_48,79,11,9,11,6,9,5,7,8,6,7
f0465_42,113,12,12,11,12,13,10,9,11,12,11
f0466_11,110,12,11,11,10,11,11,11,12,12,9
f0467_18,107,10,12,13,12,10,8,11,11,11,9
f0468_24,115,10,13,11,13,12,9,10,13,12,12
f0469_20,107,10,11,10,13,7,9,10,13,13,11
f0470_37,106,13,12,11,10,7,9,13,12,9,10
f0471_15,102,11,12,8,9,9,9,12,12,12,8
f0472_36,120,12,12,11,13,11,13,12,12,12,12
f0473_21,121,12,12,12,12,13,11,13,13,11,12
f0474_10,89,7,9,9,10,12,5,7,13,8,9
f0475_47,82,10,12,5,10,6,4,9,10,10,6
f0476_07,67,9,7,6,8,6,5,9,7,4,6
f0477_46,96,8,10,9,10,10,9,9,12,9,10
f0478_10,95,7,11,9,12,12,4,9,11,9,11
f0479_35,116,12,13,12,13,9,10,10,13,11,13
f0480_41,84,10,12,13,12,7,2,10,10,4,4
f0481_47,98,13,11,10,10,8,7,11,10,8,10
f0482_06,118,11,12,12,13,12,10,12,13,11,12
f0483_42,106,7,12,10,10,11,11,12,12,11,10
f0484_46,126,13,13,13,12,13,13,12,12,13,12
f0485_45,113,13,12,11,13,9,9,13,13,12,8
f0486_05,128,13,13,13,13,12,13,13,13,12,13
f0487_42,118,11,13,11,10,11,13,12,12,13,12
f0488_39,115,13,13,11,11,12,11,11,9,12,12
f0489_49,106,7,13,13,12,12,10,12,9,11,7
f0490_13,109,11,11,9,13,13,9,11,11,12,9
f0491_35,92,12,12,10,10,8,1,8,12,8,11
f0492_08,103,9,10,11,12,13,9,12,9,10,8
f0493_05,126,13,13,11,12,13,13,13,13,12,13
f0494_20,124,12,12,13,13,10,13,13,12,13,13
f0495_04,122,13,11,13,12,13,10,11,13,13,13
f0496_09,98,11,13,10,9,11,7,9,12,7,9
f0497_00,101,9,13,12,9,11,7,12,12,6,10
f0498_06,91,11,9,8,9,9,9,9,9,7,11
f0499_10,110,11,11,11,12,10,13,11,12,9,10
f0500_38,113,11,11,12,11,10,11,12,12,12,11
f0501_06,110,10,13,12,12,11,10,10,11,10,11
f0502_09,122,12,13,12,12,13,11,12,13,12,12
f0503_44,107,10,12,10,12,11,10,8,8,13,13
f0504_29,120,13,13,13,11,13,11,12,13,11,10
f0505_13,99,12,12,10,11,7,7,10,10,10,10
f0506_18,110,10,14,10,13,11,9,9,12,11,11
f0507_19,103,13,11,12,12,10,10,10,8,10,7
f0508_20,81,10,9,8,12,4,6,7,9,9,7
f0509_28,124,11,15,11,13,10,13,13,12,13,13
f0510_47,115,13,13,11,12,13,11,11,12,10,9
f0511_03,113,9,13,10,11,12,11,11,13,12,11
f0512_15,127,13,12,13,13,13,12,13,12,13,13
f0513_18,106,13,12,8,10,10,10,10,11,11,11
f0514_14,113,12,14,14,9,11,11,10,12,11,9
f0515_18,120,10,13,13,13,11,12,13,12,12,11
f0516_45,127,12,13,13,13,13,13,13,13,12,12
f0517_23,103,10,11,10,11,12,9,11,12,8,9
f0518_02,107,9,10,9,11,13,10,12,13,13,7
f0519_46,130,13,13,13,13,13,13,13,13,13,13
f0520_25,98,12,11,10,7,8,8,13,10,11,8
f0521_14,122,11,13,13,12,11,12,12,13,12,13
f0522_38,112,10,12,10,10,13,11,12,12,10,12
f0523_42,114,12,12,13,13,12,8,11,11,11,11
f0524_04,114,11,13,13,12,12,8,8,11,13,13
f0525_15,109,12,13,8,10,12,8,12,11,10,13
f0526_22,101,10,12,11,10,9,10,9,9,10,11
f0527_23,121,12,13,12,13,13,10,13,12,11,12
f0528_49,117,13,11,12,13,12,11,10,13,11,11
f0529_06,97,11,10,13,9,9,10,9,9,11,6
f0530_15,125,13,12,13,13,10,12,13,13,13,13
f0531_48,122,13,13,12,13,11,12,13,13,11,11
f0532_09,130,13,13,13,13,13,13,13,13,13,13
f0533_32,104,12,11,9,9,10,11,12,10,11,9
f0534_00,122,12,13,11,13,12,13,13,12,12,11
f0535_19,117,12,13,12,13,11,10,10,12,12,12
f0536_45,95,6,12,10,9,11,9,10,11,8,9
f0537_35,107,12,13,10,10,9,8,13,9,11,12
f0538_03,93,11,13,4,7,12,5,8,12,9,12
f0539_34,123,12,14,13,11,11,13,13,13,12,11
f0540_22,101,9,13,9,13,9,9,9,10,10,10
f0541_47,110,13,12,9,11,10,9,11,13,11,11
f0542_10,75,7,12,10,3,8,7,6,9,4,9
f0543_19,97,9,11,8,10,11,6,10,10,10,12
f0544_05,103,10,12,7,11,9,10,11,11,11,11
f0545_49,96,9,10,10,10,9,8,10,8,12,10
f0546_38,82,8,14,7,12,9,4,5,8,10,5
f0547_28,126,13,13,13,13,13,12,12,12,13,12
f0548_49,101,8,12,11,10,13,11,11,10,7,8
f0549_39,109,11,12,12,11,10,9,11,13,11,9
f0550_24,120,11,13,13,13,12,12,10,12,13,11
f0551_15,102,9,12,9,12,10,10,10,10,9,11
f0552_46,89,9,10,6,7,11,6,10,11,10,9
f0553_03,87,5,9,11,5,9,11,5,11,11,10
f0554_17,114,12,12,10,13,11,12,13,11,10,10
f0555_35,96,8,11,8,12,8,8,11,11,10,9
f0556_25,121,11,12,13,13,13,7,13,13,13,13
f0557_33,109,12,12,9,10,9,9,11,12,13,12
f0558_01,118,12,13,12,13,10,10,12,11,13,12
f0559_18,114,11,13,10,13,11,10,13,12,11,10
f0560_16,101,11,9,9,9,9,11,11,11,10,11
f0561_12,117,12,15,12,8,12,12,12,13,11,10
f0562_31,123,13,13,13,13,13,10,11,12,13,12
f0563_12,71,11,8,6,5,3,6,7,8,8,9
f0564_43,101,12,12,8,12,11,7,9,10,11,9
f0565_03,111,11,13,10,11,12,8,12,12,9,13
f0566_02,120,12,13,11,13,13,12,13,11,12,10
f0567_25,97,13,13,9,11,10,6,10,6,10,9
f0568_00,115,12,13,11,8,12,11,12,13,12,11
f0569_42,108,12,13,11,11,8,10,10,12,10,11
f0570_31,128,13,13,13,12,13,13,13,13,12,13
f0571_24,84,10,7,9,7,11,5,7,10,9,9
f0572_15,115,11,13,12,13,12,12,10,12,11,9
f0573_31,119,13,12,13,13,13,8,8,13,13,13
f0574_03,105,12,12,9,10,12,7,10,12,11,10
f0575_25,100,11,14,12,10,10,9,9,9,10,6
f0576_01,84,11,11,5,9,7,3,9,9,8,12
f0577_19,117,13,12,11,11,11,12,12,13,12,10
f0578_14,99,9,12,11,13,10,8,8,11,9,8
f0579_26,95,11,10,12,10,10,9,8,8,10,7
f0580_29,92,9,13,9,11,11,5,6,11,8,9
f0581_30,102,12,11,9,12,10,11,10,8,11,8
f0582_44,95,8,12,8,11,10,9,8,10,10,9
f0583_26,98,7,11,9,12,8,11,12,11,10,7
f0584_22,107,9,12,11,11,10,11,12,10,10,11
f0585_26,123,11,14,12,12,12,13,12,13,13,11
f0586_11,128,12,13,13,13,12,13,13,13,13,13
f0587_34,115,11,13,13,12,11,11,12,13,9,10
f0588_19,125,12,12,13,13,13,11,12,13,13,13
f0589_20,105,10,13,10,13,8,11,10,10,10,10
f0590_06,123,13,13,13,13,12,12,11,12,13,11
f0591_27,122,13,13,13,12,13,12,12,12,10,12
f0592_11,59,8,9,6,6,4,3,5,6,4,8
f0593_46,120,12,13,13,11,12,13,11,13,13,9
f0594_00,109,10,15,10,10,10,11,11,12,10,10
f0595_35,111,13,10,11,12,11,5,12,13,12,12
f0596_26,124,12,12,13,13,13,13,12,13,12,11
f0597_00,118,10,13,12,13,12,10,12,13,12,11
f0598_49,108,8,12,13,12,11,9,12,10,10,11
f0599_04,116,12,13,13,12,12,11,11,11,11,10
f0600_06,35,3,7,4,6,1,1,2,6,3,2
f0601_32,66,8,10,6,10,5,6,6,6,4,5
f0602_16,114,10,13,10,11,10,11,12,13,12,12
f0603_11,100,9,12,11,11,8,10,10,10,9,10
f0604_11,125,12,13,13,13,11,12,13,13,13,12
f0605_00,126,13,13,12,13,12,13,13,12,13,12
f0606_11,113,11,12,11,13,12,9,12,12,12,9
f0607_27,94,12,11,8,12,6,6,7,13,10,9
f0608_06,99,11,12,6,9,11,9,9,9,10,13
f0609_12,128,13,12,13,13,13,13,13,13,13,12
f0610_38,105,11,13,12,10,8,6,10,13,11,11
f0611_34,110,11,18,11,13,5,12,11,11,9,9
f0612_11,114,11,14,11,10,10,12,13,11,12,10
f0613_28,130,13,13,13,13,13,13,13,13,13,13
f0614_14,102,11,10,9,10,11,12,9,10,9,11
f0615_00,126,12,13,13,13,12,12,13,13,13,12
f0616_04,119,11,13,13,12,13,13,13,12,11,8
f0617_30,127,13,13,13,13,13,12,12,12,13,13
f0618_44,117,12,13,11,11,13,12,11,10,12,12
f0619_33,111,12,13,9,11,12,10,12,9,11,12
f0620_49,114,12,13,11,12,11,13,11,11,9,11
f0621_33,119,12,13,13,11,10,13,12,10,12,13
f0622_25,120,13,13,12,13,11,12,12,10,13,11
f0623_37,118,12,13,12,12,11,12,10,12,13,11
f0624_32,95,11,11,8,10,10,8,10,8,10,9
f0625_26,119,11,13,12,12,13,11,12,13,11,11
f0626_23,117,11,13,12,13,12,7,13,12,13,11
f0627_14,90,9,11,10,11,8,7,8,9,9,8
f0628_05,98,10,12,10,12,7,3,10,11,13,10
f0629_39,127,12,12,13,13,13,12,13,13,13,13
f0630_16,116,13,13,11,9,11,12,12,13,12,10
f0631_03,124,13,13,12,12,12,11,13,13,12,13
f0632_45,87,10,11,11,11,4,3,9,11,9,8
f0633_18,119,11,13,12,11,12,11,13,12,13,11
f0634_01,103,11,11,10,12,8,9,12,11,10,9
f0635_33,123,13,13,13,12,11,12,12,13,12,12
f0636_12,115,12,12,12,11,11,12,11,10,13,11
f0637_21,98,10,12,9,12,10,7,10,8,10,10
f0638_07,80,10,10,6,8,8,6,8,8,9,7
f0639_24,97,11,10,9,11,10,6,11,11,9,9
f0640_19,122,13,12,13,12,13,11,13,12,11,12
f0641_22,110,11,9,8,13,12,11,11,13,10,12
f0642_27,83,9,12,6,11,6,3,7,11,9,9
f0643_23,124,13,12,12,13,13,11,13,13,11,13
f0644_19,126,13,11,13,13,13,13,13,13,12,12
f0645_45,84,11,12,8,7,11,5,4,13,4,9
f0646_22,120,13,13,12,11,9,13,13,12,12,12
f0647_19,115,9,12,12,12,13,8,13,13,12,11
f0648_23,106,11,12,10,11,7,7,13,11,11,13
f0649_22,94,12,11,8,10,12,7,8,7,10,9
f0650_31,102,8,12,11,10,10,12,8,12,10,9
f0651_45,102,11,12,10,11,8,8,12,12,8,10
f0652_30,114,11,13,11,11,11,8,13,13,12,11
f0653_02,110,11,14,12,11,6,9,11,11,12,13
f0654_02,116,13,13,9,13,12,9,12,12,11,12
f0655_10,101,7,16,9,12,11,9,9,9,9,10
f0656_11,94,9,10,7,9,7,10,11,12,10,9
f0657_41,121,12,13,13,13,13,8,11,13,12,13
f0658_30,112,12,11,14,11,11,7,10,13,12,11
f0659_24,124,13,12,12,12,13,12,12,13,13,12
f0660_10,117,11,12,10,13,13,11,11,11,12,13
f0661_44,77,8,11,6,6,12,5,8,9,4,8
f0662_29,119,12,11,13,10,12,11,13,12,12,13
f0663_30,109,12,13,13,12,8,11,9,10,11,10
f0664_26,80,9,10,8,11,5,6,8,7,8,8
f0665_47,116,13,12,13,9,13,9,13,11,11,12
f0666_20,126,13,13,13,13,13,11,12,13,13,12
f0667_05,120,13,15,11,13,11,8,13,13,12,11
f0668_31,117,10,13,13,11,10,9,13,13,13,12
f0669_11,100,8,12,12,12,7,6,10,12,11,10
f0670_02,105,10,13,8,11,9,10,8,11,12,13
f0671_18,126,13,13,12,13,13,13,12,13,13,11
f0672_28,104,12,11,11,11,9,12,10,9,12,7
f0673_28,126,13,11,12,12,13,13,13,13,13,13
f0674_44,102,8,12,10,12,10,10,11,10,11,8
f0675_24,108,12,13,12,11,9,8,9,11,12,11
f0676_08,120,12,12,13,13,11,11,12,13,11,12
f0677_30,123,12,13,13,13,13,13,12,10,13,11
f0678_26,101,10,13,11,13,9,7,9,10,8,11
f0679_42,122,13,13,12,11,13,12,12,13,13,10
f0680_28,131,13,14,13,13,13,13,13,13,13,13
f0681_47,115,12,12,10,12,13,12,11,11,11,11
f0682_48,117,11,13,12,12,12,11,11,13,10,12
f0683_02,118,13,12,12,13,12,10,12,12,10,12
f0684_13,88,6,10,11,12,9,6,10,9,7,8
f0685_40,103,11,10,11,12,7,10,10,13,9,10
f0686_09,122,13,13,11,12,13,9,13,13,13,12
f0687_43,115,11,12,13,13,11,9,11,12,12,11
f0688_09,99,10,12,9,10,7,9,8,12,12,10
f0689_06,91,12,9,10,13,9,7,6,11,6,8
f0690_26,108,11,12,9,13,9,10,12,10,11,11
f0691_00,89,6,13,7,12,9,5,8,11,9,9
f0692_03,112,7,12,13,11,11,11,13,11,11,12
f0693_40,125,13,11,12,13,13,12,13,13,12,13
f0694_49,80,10,8,6,9,7,7,8,8,11,6
f0695_31,94,11,13,9,11,4,8,11,8,10,9
f0696_13,129,13,13,12,13,13,13,13,13,13,13
f0697_31,115,13,13,12,10,9,10,13,13,10,12
f0698_45,118,13,12,12,13,11,9,11,13,13,11
f0699_19,108,13,12,12,11,12,10,12,8,8,10
f0700_20,113,11,12,12,13,13,9,11,12,9,11
f0701_21,125,12,13,12,13,13,10,13,13,13,13
f0702_46,101,10,13,10,9,9,7,11,10,12,10
f0703_11,125,13,13,12,12,12,13,13,12,13,12
f0704_31,84,11,10,8,9,8,7,10,9,6,6
f0705_35,105,13,11,8,11,11,6,13,13,9,10
f0706_13,109,11,12,9,11,10,10,11,13,10,12
f0707_44,94,10,12,8,9,11,5,10,10,9,10
f0708_14,112,12,13,13,10,9,13,10,10,10,12
f0709_40,126,13,13,13,13,12,13,13,13,12,11
f0710_08,118,13,13,12,12,13,7,13,12,12,11
f0711_11,110,9,13,13,12,10,8,9,12,12,12
f0712_09,113,13,13,11,11,10,9,11,13,11,11
f0713_17,96,11,12,7,9,10,8,9,9,11,10
f0714_32,120,13,14,12,13,11,12,13,12,11,9
f0715_08,93,11,10,7,9,9,8,10,12,8,9
f0716_15,96,11,11,9,8,8,8,10,11,9,11
f0717_46,118,12,11,11,13,11,11,11,13,13,12
f0718_13,113,13,12,13,11,11,11,11,13,8,10
f0719_05,63,4,7,5,7,7,7,6,9,4,7
f0720_38,113,12,12,10,11,12,12,10,12,11,11
f0721_31,121,13,13,12,12,11,13,13,11,11,12
f0722_29,120,10,13,13,13,12,11,11,13,12,12
f0723_20,117,11,13,12,13,12,10,12,11,12,11
f0724_37,101,12,12,13,10,8,7,9,10,11,9
f0725_46,112,7,13,12,12,11,10,11,10,13,13
f0726_09,125,13,12,12,13,13,13,13,13,12,11
f0727_27,89,9,12,6,12,8,7,10,10,6,9
f0728_14,119,13,13,11,13,11,12,11,11,13,11
f0729_08,87,12,10,10,10,6,10,6,6,9,8
f0730_41,83,9,12,9,10,4,3,9,10,8,9
f0731_05,124,11,13,12,13,13,13,13,12,12,12
f0732_46,86,8,9,6,6,8,7,12,11,9,10
f0733_34,120,12,11,13,12,12,11,12,13,12,12
f0734_39,117,11,12,11,12,10,12,12,13,13,11
f0735_17,122,13,11,13,13,13,9,13,13,12,12
f0736_38,93,9,15,11,8,10,4,6,10,8,12
f0737_49,101,12,9,11,9,11,12,10,8,9,10
f0738_13,113,12,13,9,11,11,12,12,13,10,10
f0739_42,115,12,12,11,13,13,11,9,12,12,10
f0740_43,108,11,12,12,10,12,7,9,13,9,13
f0741_44,31,4,5,4,2,2,0,3,4,3,4
f0742_09,87,11,11,9,10,7,5,9,10,7,8
f0743_31,128,13,13,13,13,13,13,12,13,12,13
f0744_23,110,9,13,11,12,13,6,10,13,13,10
f0745_35,126,13,13,13,13,13,13,11,13,12,12
f0746_28,92,10,10,10,9,10,3,10,11,10,9
f0747_24,124,13,12,12,13,12,12,12,13,13,12
f0748_15,102,10,15,11,12,5,12,11,8,10,8
f0749_12,118,13,12,11,13,12,6,12,13,13,13
f0750_18,112,10,13,10,12,11,10,12,10,13,11
f0751_28,118,12,11,11,13,13,9,13,11,13,12
f0752_25,130,13,15,13,13,11,13,13,13,13,13
f0753_05,97,11,13,8,11,8,7,10,8,10,11
f0754_01,83,5,12,9,13,6,6,5,10,8,9
f0755_46,96,7,12,10,11,11,4,9,11,11,10
f0756_22,104,13,11,9,10,8,7,11,12,12,11
f0757_24,104,11,13,10,12,10,9,8,9,12,10
f0758_07,114,12,13,10,11,12,11,11,13,11,10
f0759_41,124,12,14,13,13,11,11,13,13,12,12
f0760_23,92,8,13,8,10,10,8,8,9,8,10
f0761_10,90,11,10,9,8,10,8,10,10,8,6
f0762_20,119,13,13,12,11,12,11,11,12,12,12
f0763_30,110,12,13,9,13,13,10,10,7,12,11
f0764_08,129,13,13,13,13,13,13,13,13,13,12
f0765_33,126,13,14,13,13,13,13,13,11,11,12
f0766_01,120,13,13,11,13,12,9,13,13,12,11
f0767_25,98,9,11,11,8,9,8,12,10,9,11
f0768_20,104,12,14,9,12,9,8,9,12,10,9
f0769_14,128,13,13,13,12,13,12,13,13,13,13
f0770_45,115,10,13,10,13,12,10,12,11,12,12
f0771_13,91,8,11,10,10,9,9,10,12,8,4
f0772_14,108,11,11,11,10,11,11,11,13,10,9
f0773_10,96,8,11,10,11,11,8,9,10,7,11
f0774_40,127,12,13,13,13,13,12,13,13,12,13
f0775_24,117,11,13,13,12,10,13,10,13,11,11
f0776_08,100,10,14,10,12,8,10,10,10,8,8
f0777_12,127,13,13,13,13,13,12,12,13,12,13
f0778_20,112,12,11,10,12,11,12,12,11,11,10
f0779_27,102,10,13,6,11,10,7,11,12,10,12
f0780_06,103,12,13,9,8,10,10,10,10,11,10
f0781_31,120,12,12,13,10,13,12,11,11,13,13
f0782_49,111,10,12,10,12,13,11,12,11,11,9
f0783_27,110,12,13,11,11,12,8,11,11,12,9
f0784_30,121,12,12,13,13,11,12,13,13,12,10
f0786_07,79,10,7,7,9,6,2,10,8,10,10
f0787_21,78,11,12,6,5,9,5,7,9,6,8
f0788_34,97,7,12,11,11,10,10,8,11,9,8
f0789_10,115,11,12,13,12,12,9,12,13,12,9
f0790_06,69,7,6,5,6,6,5,9,11,6,8
f0791_04,114,12,12,11,10,12,11,11,11,13,11
f0792_07,124,13,12,13,13,12,13,13,12,13,10
f0793_02,77,6,10,7,10,4,6,8,8,11,7
f0794_31,111,12,13,12,10,8,12,12,10,10,12
f0795_37,127,13,13,13,12,12,13,13,13,13,12
f0796_08,76,7,13,6,5,11,6,8,10,4,6
f0797_22,103,10,12,8,10,12,8,9,10,12,12
f0798_05,92,10,12,10,11,8,5,9,9,9,9
f0799_13,95,11,10,9,10,8,8,10,10,9,10
f0800_00,104,11,13,8,7,12,8,10,12,13,10
f0801_25,107,11,13,11,11,11,10,11,12,9,8
f0803_40,125,13,13,12,13,12,13,13,13,11,12
f0804_00,118,11,13,13,13,12,10,11,13,13,9
f0805_48,66,7,8,6,5,7,5,6,9,8,5
f0806_09,120,13,13,10,12,12,10,12,13,13,12
f0807_16,97,12,13,9,10,8,9,8,11,9,8
f0808_46,89,5,9,10,12,10,7,10,8,9,9
f0809_16,119,12,13,10,13,12,12,12,12,12,11
f0810_40,94,11,12,10,8,11,9,8,11,4,10
f0811_49,119,11,12,13,12,13,12,13,10,13,10
f0812_32,104,12,10,10,12,11,9,11,9,11,9
f0813_02,113,10,14,11,9,10,11,13,13,11,11
f0814_03,122,13,13,9,13,13,11,12,13,12,13
f0815_12,127,13,13,12,13,13,12,13,13,13,12
f0816_18,96,13,11,13,9,7,11,7,10,7,8
f0817_40,88,9,12,7,8,9,6,10,8,8,11
f0818_03,108,11,12,10,10,11,8,10,12,11,13
f0819_13,120,12,13,12,12,12,12,11,14,12,10
f0820_47,100,13,11,9,6,10,7,12,12,10,10
f0821_44,111,13,13,10,12,10,10,12,11,11,9
f0822_30,114,11,10,12,12,11,13,10,11,12,12
f0823_19,79,10,10,4,6,7,7,9,11,6,9
f0824_18,121,13,13,13,13,13,12,11,11,13,9
f0825_23,11,1,2,0,1,1,0,4,1,1,0
f0826_18,117,11,12,12,13,12,7,12,12,13,13
f0827_09,122,12,13,13,12,13,11,12,13,11,12
f0828_34,118,11,13,11,13,12,11,12,13,12,10
f0829_00,90,11,10,10,12,6,5,10,11,7,8
f0830_45,92,7,13,10,7,8,10,9,10,9,9
f0831_15,121,12,13,12,11,12,11,12,13,13,12
f0832_40,91,7,11,10,10,10,8,10,11,6,8
f0833_32,122,12,13,12,12,12,12,13,11,13,12
f0834_03,123,13,13,13,13,11,10,11,13,13,13
f0835_08,104,12,10,9,10,12,7,13,9,11,11
f0836_28,123,13,13,11,13,11,13,11,13,13,12
f0837_08,57,7,5,7,7,5,3,4,9,3,7
f0838_49,113,12,10,11,12,11,10,13,11,12,11
f0839_37,113,13,13,10,10,9,11,12,11,11,13
f0840_37,121,13,13,13,12,12,9,12,13,12,12
f0841_10,123,10,13,12,13,13,12,13,13,12,12
f0842_22,106,10,11,9,10,10,10,11,10,13,12
f0843_06,125,11,13,13,13,13,11,13,13,13,12
f0844_42,85,10,9,7,11,7,4,8,8,12,9
f0845_22,127,13,12,13,13,12,12,13,13,13,13
f0846_32,59,8,9,7,5,5,7,7,5,4,2
f0847_06,100,11,8,10,12,9,8,9,11,9,13
f0848_42,54,7,9,4,4,7,0,3,8,5,7
f0849_38,92,10,13,9,8,9,9,9,10,7,8
f0850_30,125,11,13,12,13,12,12,13,13,13,13
f0851_41,98,12,13,8,10,5,7,11,10,11,11
f0852_40,115,13,13,13,12,11,6,10,12,12,13
f0853_05,119,13,13,13,13,12,10,12,10,11,12
f0854_12,89,11,12,7,10,6,7,10,6,9,11
f0855_46,107,13,16,9,9,9,7,11,12,12,9
f0856_23,84,12,9,7,10,9,3,7,11,8,8
f0857_21,119,11,14,13,13,11,9,12,12,12,12
f0858_32,105,10,12,10,12,8,9,12,12,11,9
f0859_01,120,12,12,11,13,11,11,13,13,12,12
f0860_21,114,12,13,12,13,10,9,11,13,10,11
f0861_29,99,10,11,9,9,12,8,8,13,10,9
f0862_25,126,12,13,13,13,13,12,12,13,13,12
f0863_41,129,13,13,13,13,13,13,13,12,13,13
f0864_41,128,12,13,13,12,13,13,13,13,13,13
f0865_24,119,12,12,12,12,11,11,12,12,12,13
f0866_22,90,11,10,8,10,7,9,10,7,7,11
f0867_28,112,10,12,11,11,10,11,11,12,12,12
f0868_03,125,13,13,12,12,12,12,13,13,13,12
f0869_20,88,12,12,10,8,8,5,8,9,7,9
f0870_31,112,12,13,12,11,12,12,11,12,9,8
f0871_23,106,11,10,12,11,11,12,11,9,10,9
f0872_30,93,9,12,9,12,8,6,7,10,10,10
f0873_42,112,12,11,11,11,12,11,12,12,10,10
f0874_26,126,13,13,11,13,12,13,13,12,13,13
f0875_02,107,12,13,11,10,11,9,10,10,9,12
f0876_43,111,12,13,11,11,12,8,12,10,10,12
f0877_17,127,13,14,12,13,13,11,12,13,13,13
f0878_21,107,12,12,10,13,13,8,9,12,8,10
f0879_35,124,12,13,12,13,12,12,13,13,12,12
f0880_16,115,12,13,9,11,10,11,13,13,12,11
f0881_03,90,10,9,9,7,10,8,9,11,9,8
f0882_28,105,11,11,13,10,14,10,10,10,7,9
f0883_14,113,11,13,12,13,10,12,11,11,10,10
f0884_29,109,12,13,12,12,10,7,11,12,10,10
f0885_39,89,8,13,8,7,9,9,9,7,9,10
f0886_40,105,12,12,11,12,6,12,9,11,10,10
f0887_39,107,11,13,12,11,13,9,7,11,8,12
f0888_25,108,12,11,12,11,10,9,10,12,10,11
f0889_48,98,10,10,10,9,10,8,11,12,10,8
f0890_35,128,13,12,13,13,13,13,12,13,13,13
f0891_44,110,11,13,9,10,13,10,12,12,11,9
f0892_23,106,12,13,10,11,12,6,10,9,10,13
f0893_25,104,11,12,9,10,11,10,11,9,12,9
f0894_09,126,12,13,13,12,12,12,13,13,13,13
f0895_48,72,8,10,5,8,9,3,7,11,6,5
f0896_44,119,11,13,13,12,13,11,12,11,11,12
f0897_19,51,6,6,5,6,4,3,4,8,3,6
f0898_29,118,12,12,12,12,11,10,12,13,13,11
f0899_05,108,13,12,11,13,9,8,10,12,12,8
f0900_42,74,8,9,6,8,6,5,5,10,9,8
f0901_39,115,12,11,12,12,11,11,9,13,13,11
f0902_17,93,9,12,10,8,11,6,10,10,7,10
f0903_42,117,12,13,10,12,11,9,12,13,13,12
f0904_04,103,12,9,12,12,9,9,10,11,10,9
f0905_43,87,9,7,6,12,9,3,9,12,10,10
f0906_29,97,7,11,10,11,10,7,10,10,12,9
f0907_00,83,6,11,8,10,10,5,6,8,7,12
f0908_25,98,10,12,9,10,10,9,13,12,4,9
f0909_04,80,6,9,9,6,8,6,8,10,9,9
f0910_22,109,11,13,9,11,10,9,11,10,13,12
f0911_02,111,12,12,10,12,12,8,11,12,10,12
f0912_01,113,11,12,10,12,11,10,11,11,12,13
f0913_31,114,13,13,12,10,13,13,8,10,12,10
f0914_27,119,13,12,11,13,12,10,13,12,10,13
f0915_03,76,11,6,7,8,6,6,8,8,9,7
f0916_49,102,11,15,10,9,9,9,11,13,7,8
f0917_11,98,11,12,11,8,6,5,11,10,13,11
f0918_47,96,12,10,12,12,9,4,10,10,8,9
f0919_47,114,12,10,9,12,12,11,12,13,12,11
f0920_11,105,10,13,11,10,13,8,10,13,6,11
f0921_40,93,8,13,11,13,11,4,6,9,7,11
f0922_02,126,11,13,13,13,12,13,13,13,13,12
f0923_31,120,13,12,13,11,12,12,12,13,11,11
f0924_33,118,13,12,13,11,12,10,12,12,10,13
f0925_21,128,13,13,13,13,13,12,12,13,13,13
f0926_26,115,13,13,10,13,12,10,10,12,12,10
f0927_44,90,9,13,11,11,8,6,13,10,4,5
f0928_42,115,12,13,10,13,13,9,10,12,13,10
f0929_23,91,11,14,9,10,7,8,9,10,5,8
f0930_07,92,10,10,11,11,10,10,10,7,7,6
f0931_37,122,12,13,12,13,13,12,12,12,12,11
f0932_44,99,10,11,8,12,8,12,12,4,10,12
f0933_38,120,13,12,12,12,12,10,11,13,14,11
f0934_12,128,13,13,13,13,12,13,13,13,12,13
f0935_28,127,13,12,12,13,13,12,13,13,13,13
f0936_34,103,12,11,12,10,10,10,10,12,7,9
f0937_01,41,7,6,3,8,4,2,1,1,2,7
f0938_10,122,13,13,13,13,13,6,13,12,13,13
f0939_32,117,13,12,11,12,13,7,11,13,13,12
f0940_45,112,13,13,10,11,11,8,13,12,11,10
f0941_49,68,9,6,6,6,7,5,9,7,7,6
f0942_17,80,6,12,8,10,5,7,5,10,8,9
f0943_40,115,11,12,12,13,12,11,11,11,12,10
f0944_27,111,10,13,9,11,11,11,12,13,10,11
f0945_28,123,12,13,12,12,11,12,13,13,12,13
f0946_31,96,10,13,9,10,7,11,11,10,9,6
f0947_41,120,13,15,13,12,12,13,12,10,11,9
f0948_01,109,12,12,13,12,12,7,12,11,10,8
f0949_02,95,8,13,8,12,8,7,10,11,9,9
f0950_21,104,11,13,12,10,10,6,9,12,11,10
f0951_29,120,12,13,8,13,12,12,13,12,12,13
f0952_49,93,9,10,10,8,7,8,12,10,9,10
f0953_15,125,13,13,13,13,13,12,13,13,13,9
f0954_02,67,8,12,8,9,4,3,5,8,5,5
f0955_30,96,10,13,8,11,10,7,6,10,10,11
f0956_32,123,12,13,13,12,11,13,12,13,13,11
f0957_15,130,13,13,13,13,13,13,13,13,13,13
f0958_28,118,11,12,13,13,13,6,13,12,13,12
f0959_27,118,11,12,12,13,13,12,11,12,11,11
f0960_13,95,8,12,8,11,10,7,7,12,11,9
f0961_08,125,13,13,13,13,12,13,12,13,13,10
f0962_04,123,13,13,12,13,12,13,13,11,11,12
f0963_21,98,8,12,11,12,10,6,11,10,7,11
f0964_10,75,9,12,8,7,5,3,7,13,5,6
f0965_28,97,10,12,10,11,9,8,10,10,10,7
f0966_44,112,12,13,12,13,7,12,10,12,9,12
f0967_29,128,13,14,13,13,12,13,13,13,11,13
f0968_30,97,9,12,9,10,9,9,9,11,9,10
f0969_31,45,4,7,3,5,5,3,5,4,4,5
f0970_15,108,12,11,12,12,10,9,12,10,10,10
f0971_24,87,7,12,10,10,9,8,7,10,9,5
f0972_43,88,11,12,8,9,6,6,8,10,8,10
f0973_47,108,12,11,10,9,13,10,11,11,11,10
f0974_14,118,11,13,13,10,12,12,13,12,11,11
f0975_48,117,12,13,10,12,12,10,10,13,12,13
f0976_41,81,9,9,7,7,7,6,8,9,9,10
f0977_37,104,12,10,13,10,11,8,11,9,8,12
f0978_05,108,12,13,12,12,10,10,10,11,11,7
f0979_22,100,8,12,9,10,11,8,10,9,11,12
f0980_43,83,7,9,9,9,8,8,7,8,9,9
f0981_17,124,13,13,11,13,13,13,13,12,12,11
f0982_06,99,8,13,12,13,11,6,6,12,10,8
f0983_14,91,9,9,9,12,8,8,9,10,8,9
f0984_25,120,10,14,13,13,12,12,13,12,11,10
f0985_44,114,10,11,13,9,12,11,11,12,13,12
f0986_02,122,11,13,9,13,12,13,13,13,12,13
f0987_34,121,13,13,12,12,10,12,11,12,13,13
f0988_45,127,13,13,13,13,12,12,13,13,13,12
f0989_33,107,13,11,9,11,9,8,11,11,12,12
f0990_06,80,10,10,10,7,8,4,5,12,7,7
f0991_47,120,13,12,13,12,12,10,13,12,11,12
f0992_04,97,12,12,13,12,9,7,6,8,9,9
f0993_30,125,13,13,12,13,13,11,13,11,13,13
f0994_46,95,10,13,10,9,9,8,8,9,10,9
f0995_43,109,12,12,12,12,12,8,11,10,9,11
f0996_01,115,13,11,13,13,13,11,10,13,8,10
f0997_34,107,12,13,10,11,11,7,10,10,13,10
f0998_45,107,12,13,11,13,13,6,10,11,10,8
f0999_29,113,12,13,10,10,12,8,10,13,13,12
f1000_45,121,13,13,12,13,13,12,12,12,12,9
f1001_28,118,11,12,11,12,11,12,12,12,13,12
f1002_33,91,11,13,11,8,12,10,5,10,5,6
f1003_41,85,12,11,6,10,8,5,8,11,7,7
f1004_07,125,13,12,13,13,12,11,13,12,13,13
f1005_12,45,4,7,2,6,5,4,7,6,2,2
f1006_19,52,5,8,6,8,5,3,5,5,5,2
f1007_22,124,13,13,12,13,13,12,13,13,11,11
f1008_28,119,13,13,13,11,11,12,10,12,12,12
f1009_29,76,9,6,3,7,9,8,11,7,6,10
f1010_11,115,10,12,13,13,11,11,12,13,12,8
f1011_35,102,10,7,9,11,10,12,10,11,12,10
f1012_30,120,11,12,12,13,11,13,13,12,13,10
f1013_47,123,13,11,13,12,13,12,13,13,12,11
f1014_23,106,12,12,11,8,10,7,9,12,13,12
f1015_14,104,9,13,10,11,12,11,10,9,8,11
f1016_36,70,5,5,10,6,9,6,10,7,6,6
f1017_30,114,12,13,11,11,10,12,9,10,13,13
f1018_07,83,7,9,11,9,10,7,12,8,4,6
f1019_45,107,12,13,11,10,8,9,12,11,10,11
f1020_31,99,13,12,11,10,6,9,12,6,11,9
f1021_16,81,5,12,10,8,7,1,9,10,11,8
f1022_17,112,11,12,12,11,13,9,9,11,11,13
f1023_49,71,8,8,7,8,8,6,6,9,7,4
f1024_46,123,13,12,12,12,13,11,13,13,13,11
f1025_22,117,12,12,13,13,11,7,11,13,13,12
f1026_41,83,11,11,10,7,9,3,7,12,5,8
f1027_05,123,13,12,11,13,13,12,13,13,12,11
f1028_20,111,12,13,10,10,11,11,12,12,9,11
f1029_30,116,11,13,12,13,11,13,11,8,12,12
f1030_04,107,11,13,9,11,12,8,10,13,9,11
f1031_37,118,11,13,12,12,11,12,13,13,12,9
f1032_06,103,12,11,9,9,7,13,12,10,8,12
f1033_07,93,10,11,7,11,6,9,9,10,9,11
f1034_02,97,10,13,9,12,9,6,10,11,9,8
f1035_22,119,13,12,13,12,13,12,10,12,12,10
f1036_49,106,8,11,11,9,13,10,11,10,11,12
f1037_16,55,3,6,7,6,5,4,6,7,6,5
f1038_35,127,13,13,13,13,13,13,12,11,13,13
f1039_40,120,13,13,13,11,9,12,11,13,13,12
f1040_01,103,13,12,13,10,12,1,8,12,13,9
f1041_18,106,12,13,11,8,11,11,13,12,8,7
f1042_08,119,13,13,13,13,12,6,12,12,12,13
f1043_42,115,11,12,11,11,12,12,13,13,11,9
f1044_04,113,12,12,12,12,10,12,11,11,11,10
f1045_35,61,11,6,7,7,5,2,9,5,4,5
f1046_14,101,10,13,7,13,10,10,8,8,10,12
f1047_26,119,12,12,11,12,13,12,13,10,13,11
f1048_31,130,13,13,13,13,13,13,13,13,13,13
f1049_26,107,11,13,12,12,12,7,9,12,10,9
f1050_39,118,11,13,13,13,11,11,11,12,10,13
f1051_38,110,12,13,10,10,10,12,12,11,8,12
f1052_05,97,10,13,6,9,10,10,12,8,9,10
f1053_00,125,13,13,13,12,13,11,11,13,13,13
f1054_20,104,12,11,8,12,9,10,12,10,10,10
f1055_16,106,11,12,8,9,12,11,12,11,9,11
f1056_11,68,6,9,7,8,9,3,5,10,5,6
f1057_34,130,13,13,13,13,13,13,13,13,13,13
f1058_32,126,13,11,12,12,13,13,13,13,13,13
f1059_15,92,10,11,10,11,9,4,7,10,9,11
f1060_13,106,10,12,11,13,11,6,10,12,10,11
f1061_01,119,10,11,13,13,11,13,11,13,11,13
f1062_28,125,13,13,11,13,12,13,13,13,11,13
f1063_36,128,13,14,13,13,11,13,13,12,13,13
f1064_32,121,11,13,13,12,11,13,12,13,12,11
f1065_10,106,11,12,12,12,9,13,10,8,12,7
f1066_29,94,9,13,13,10,9,5,7,12,9,7
f1067_20,92,12,12,9,12,7,3,11,10,6,10
f1068_20,64,11,10,5,4,6,2,5,9,5,7
f1069_22,116,12,11,9,13,13,11,11,13,12,11
f1070_09,111,12,12,10,12,10,8,10,13,12,12
f1071_37,101,13,9,10,11,9,10,11,10,10,8
f1072_34,94,9,13,8,10,11,8,7,12,7,9
f1073_05,104,10,11,11,13,12,8,10,11,10,8
f1074_34,112,13,13,11,12,8,8,12,13,11,11
f1075_00,125,12,13,13,13,12,12,13,13,13,11
f1076_12,74,5,9,5,9,8,5,5,10,9,9
f1077_48,94,10,10,8,9,10,7,6,13,9,12
f1078_11,119,13,12,12,11,13,11,12,13,11,11
f1079_06,74,8,9,8,9,8,3,7,9,8,5
f1080_00,99,11,13,7,12,9,7,11,12,8,9
f1081_19,105,12,12,11,11,9,11,9,9,11,10
f1082_22,120,13,12,13,13,11,13,10,12,11,12
f1083_27,130,13,13,13,13,13,13,13,13,13,13
f1084_48,124,12,13,13,12,13,11,12,12,13,13
f1085_29,92,10,15,6,7,9,8,10,7,10,10
f1086_15,116,13,13,11,11,12,11,12,12,11,10
f1087_32,116,13,11,13,13,13,11,11,9,9,13
f1088_00,93,12,13,7,9,7,5,9,11,10,10
f1089_04,104,12,12,11,10,10,9,8,11,10,11
f1090_13,62,7,9,3,4,6,4,6,10,7,6
f1091_00,128,13,13,13,12,13,13,13,13,13,12
f1092_01,84,9,12,9,9,4,4,8,10,8,11
f1093_13,123,12,13,12,13,13,11,12,13,12,12
f1094_42,124,13,12,13,12,11,13,13,12,13,12
f1095_24,109,10,11,10,11,12,10,10,13,13,9
f1096_05,114,12,12,13,11,11,10,13,10,12,10
f1097_20,118,12,13,12,13,10,11,12,12,11,12
f1098_11,117,10,13,12,13,9,11,12,11,13,13
f1099_37,94,11,10,10,9,8,7,12,12,7,8
f1100_46,45,4,11,7,3,4,1,4,2,3,6
f1101_38,112,13,13,10,10,10,10,13,12,11,10
f1103_38,97,8,12,7,9,11,6,11,11,10,12
f1104_24,90,9,12,11,11,9,7,4,11,10,6
f1105_31,109,8,12,13,11,8,11,12,12,11,11
f1106_01,81,6,11,10,11,8,8,7,8,8,4
f1108_14,119,12,11,13,13,13,13,12,13,9,10
f1109_36,112,13,11,12,11,12,6,12,13,12,10
f1111_02,126,13,13,12,13,12,12,12,13,13,13
f1112_30,126,13,13,13,13,13,13,13,13,11,11
f1113_16,98,12,13,8,11,8,4,9,11,13,9
f1114_07,128,13,13,13,13,12,12,13,13,13,13
f1115_26,124,12,13,13,13,13,13,12,12,12,11
f1116_09,123,13,12,11,13,12,12,13,13,12,12
f1117_18,107,11,12,11,12,10,7,9,11,12,12
f1118_23,121,11,12,13,11,13,10,13,13,13,12
f1119_27,118,11,12,9,13,12,10,13,13,12,13
f1120_05,117,13,13,11,9,11,13,13,11,12,11
f1121_47,103,12,12,10,10,10,9,9,11,11,9
f1122_02,127,13,13,11,13,13,13,13,13,12,13
f1123_09,127,12,13,12,13,12,13,13,13,13,13
f1124_24,128,13,13,13,11,13,13,13,13,13,13
f1125_41,119,11,13,12,11,13,12,13,11,12,11
f1126_06,128,13,12,13,13,12,13,13,13,13,13
f1127_01,127,13,11,13,13,13,13,12,13,13,13
f1128_24,92,8,10,8,10,9,8,10,13,7,9
f1129_22,122,13,13,12,13,12,13,8,13,12,13
f1130_48,119,10,13,13,13,9,12,12,13,12,12
f1131_00,108,13,13,6,12,10,10,11,13,11,9
f1132_19,120,13,13,13,12,13,10,11,11,13,11
f1133_00,118,12,12,11,11,13,13,11,13,13,9
f1134_40,120,12,12,12,13,11,12,12,13,12,11
f1135_17,94,9,11,10,11,9,5,9,11,9,10
f1136_31,115,14,11,13,12,13,13,13,6,10,10
f1137_07,121,12,13,11,12,12,12,11,13,13,12
f1138_27,102,10,10,11,12,8,8,12,10,9,12
f1139_48,118,12,11,13,13,10,12,11,13,12,11
f1140_23,71,7,10,6,12,6,1,6,9,6,8
f1141_12,108,11,12,10,11,9,11,9,11,13,11
f1142_44,95,11,12,10,11,12,5,10,10,7,7
f1143_43,117,9,12,13,13,13,9,13,12,12,11
f1144_47,106,12,12,9,11,6,10,12,12,12,10
f1145_39,46,4,9,5,6,2,3,5,5,3,4
f1146_05,62,5,7,6,12,6,2,4,6,6,8
f1147_19,95,9,11,8,7,6,10,10,12,10,12
f1148_23,99,8,11,10,9,9,8,11,12,11,10
f1149_46,67,5,11,2,9,7,6,7,8,4,8
f1150_03,118,12,11,11,13,13,12,11,12,11,12
f1151_39,118,11,13,13,12,12,9,10,13,13,12
f1152_03,96,9,12,10,9,9,9,10,8,11,9
f1153_08,92,10,12,9,10,8,8,10,8,9,8
f1154_00,72,4,11,6,10,7,6,7,7,8,6
f1155_22,125,12,13,13,13,13,11,12,13,13,12
f1156_23,103,9,13,10,12,9,4,12,13,10,11
f1157_43,109,10,13,13,12,13,5,11,10,9,13
f1158_21,125,13,13,13,13,12,13,12,12,12,12
f1159_29,92,7,10,8,11,9,8,10,11,9,9
f1160_23,79,9,11,7,8,8,3,9,8,8,8
f1161_00,76,9,14,8,8,6,3,6,7,7,8
f1162_15,95,12,12,10,10,6,5,9,11,9,11
f1163_43,55,5,10,5,9,4,2,4,6,6,4
f1164_21,114,12,13,12,13,9,11,10,11,11,12
f1165_30,76,10,9,10,11,4,5,8,10,4,5
f1166_04,110,11,11,11,11,10,11,10,10,13,12
f1167_31,107,10,11,10,10,9,11,12,12,12,10
f1168_30,100,6,11,10,12,10,8,12,11,10,10
f1169_08,127,13,13,13,13,12,12,12,13,12,14
f1170_00,126,12,13,12,13,13,12,13,13,13,12
f1171_06,96,11,12,11,10,5,9,7,10,11,10
f1172_25,100,9,11,11,11,10,7,10,10,11,10
f1173_40,112,11,13,11,11,12,12,11,11,11,9
f1174_47,123,13,13,9,12,12,13,13,13,13,12
f1175_48,110,13,12,12,13,10,7,10,11,13,9
f1176_40,116,11,13,11,11,12,11,10,13,13,11
f1177_42,112,11,12,11,12,13,9,8,12,12,12
f1178_03,123,13,11,10,13,13,12,13,13,13,12
f1179_01,107,12,16,11,11,7,11,11,10,10,8
f1180_21,114,12,12,11,12,12,7,12,13,11,12
f1181_27,122,12,13,12,10,13,12,12,13,13,12
f1182_38,109,12,12,8,8,10,12,12,12,11,12
f1183_38,121,11,13,13,12,12,12,12,12,12,12
f1184_21,77,5,11,9,12,6,6,5,9,7,7
f1185_47,105,13,11,10,12,7,10,12,11,9,10
f1186_07,108,11,12,10,12,11,10,12,12,10,8
f1187_49,99,9,9,10,12,11,9,10,8,10,11
f1188_01,101,8,12,9,11,13,10,8,13,7,10
f1189_06,95,11,10,8,10,10,12,10,10,6,8
f1190_46,95,8,12,11,8,12,7,8,9,10,10
f1191_18,115,11,12,11,11,10,10,13,12,13,12
f1192_26,101,8,12,9,12,10,6,9,12,11,12
f1193_46,110,8,11,12,12,11,12,11,10,12,11
f1194_03,111,10,13,12,12,10,8,11,13,10,12
f1195_27,104,12,11,10,12,11,10,7,11,9,11
f1196_16,112,12,13,10,11,11,10,10,11,12,12
f1197_00,109,10,12,10,13,13,6,13,12,11,9
f1198_41,123,13,13,13,13,10,13,11,13,13,11
f1199_24,122,13,13,12,13,12,10,13,11,12,13
f1200_36,98,8,9,8,12,10,10,10,11,9,11
f1201_49,120,12,11,12,12,13,12,12,11,13,12
f1202_47,73,9,9,6,5,9,8,8,6,8,5
f1203_10,120,13,11,13,13,11,12,12,13,11,11
f1204_09,123,13,13,11,13,13,10,12,13,13,12
f1205_25,113,13,12,11,12,12,10,11,9,11,12
f1206_36,118,13,12,11,13,11,8,13,12,13,12
f1207_46,98,11,12,11,10,10,3,8,11,11,11
f1208_33,82,9,10,9,8,8,5,8,8,9,8
f1209_31,24,1,1,3,5,1,0,3,3,1,6
f1210_47,117,13,11,10,13,12,12,12,12,11,11
f1211_04,122,13,13,13,13,13,11,10,13,11,12
f1212_39,127,13,13,13,13,13,12,13,13,12,12
f1213_10,96,11,12,8,11,10,3,11,11,8,11
f1214_39,120,13,12,11,12,12,12,10,12,13,13
f1215_02,114,12,11,8,13,11,11,12,11,13,12
f1216_32,122,12,12,13,12,13,12,13,12,12,11
f1217_02,94,12,13,9,8,8,6,8,11,9,10
f1218_35,94,13,8,9,11,10,2,11,11,8,11
f1219_26,115,12,12,11,13,10,12,13,11,11,10
f1220_42,99,10,13,9,12,8,8,8,8,13,10
f1221_17,77,6,11,8,12,5,4,7,10,8,6
f1222_04,107,12,10,12,11,10,9,10,13,12,8
f1223_27,115,13,12,11,12,12,10,11,11,12,11
f1224_16,121,11,12,11,13,11,14,13,13,12,11
f1225_06,124,13,11,13,12,12,12,12,13,13,13
f1226_13,126,13,12,13,13,12,13,12,12,13,13
f1227_38,111,10,13,11,11,13,6,12,13,11,11
f1228_30,64,7,8,6,8,9,4,8,6,6,2
f1229_25,90,10,13,6,8,12,9,10,7,7,8
f1230_10,114,9,13,12,12,12,9,12,13,11,11
f1231_36,114,11,14,11,12,9,12,12,11,10,12
f1232_34,90,5,10,10,12,7,8,8,12,10,8
f1233_46,125,12,13,13,13,13,13,12,12,13,11
f1234_26,87,9,9,6,8,8,7,10,8,10,12
f1235_34,115,13,12,11,12,13,10,10,12,10,12
f1236_11,117,11,10,12,12,13,12,12,11,13,11
f1237_18,98,9,12,12,13,9,6,12,10,7,8
f1238_43,113,13,11,11,13,10,10,11,11,12,11
f1239_18,122,13,12,12,12,13,11,13,13,12,11
f1240_01,115,13,13,10,11,11,9,13,11,12,12
f1241_00,123,13,13,12,13,11,12,12,13,13,11
f1242_30,116,12,13,10,8,13,12,10,13,12,13
f1243_07,120,12,11,13,13,13,12,12,13,12,9
f1244_09,110,11,13,10,12,10,9,11,11,12,11
f1245_39,91,11,10,9,7,7,7,10,8,12,10
f1246_39,118,12,12,12,12,12,8,11,13,13,13
f1247_15,126,13,13,13,13,13,12,11,12,13,13
f1248_28,68,9,8,6,6,5,4,6,7,9,8
f1249_33,112,10,12,10,11,11,9,12,13,12,12
f1250_24,68,6,9,8,9,4,5,6,7,8,6
f1251_10,122,11,13,12,13,11,13,12,12,12,13
f1252_21,74,7,11,8,8,8,1,7,11,6,7
f1253_43,112,12,13,11,12,10,9,10,11,12,12
f1254_34,118,13,13,13,10,12,10,10,12,13,12
f1255_13,101,9,10,9,13,10,7,9,12,12,10
f1256_05,83,7,11,6,10,9,4,7,8,11,10
f1257_26,103,9,9,11,12,11,9,11,11,12,8
f1258_19,95,8,11,11,10,10,6,8,11,10,10
f1259_08,112,10,13,12,11,13,5,12,13,12,11
f1260_34,116,12,12,13,11,10,10,13,13,12,10
f1261_39,72,10,10,8,8,7,3,6,8,2,10
f1262_42,118,12,13,9,12,13,11,13,13,11,11
f1263_18,116,12,12,12,12,11,13,12,11,12,9
f1264_37,108,11,11,12,13,11,9,11,11,11,8
f1265_03,118,13,12,12,12,12,12,11,12,11,11
f1266_29,124,13,13,13,13,13,12,13,12,12,10
f1267_20,104,12,13,11,11,12,4,9,10,10,12
f1268_12,127,13,12,13,13,13,13,13,13,13,11
f1269_14,73,7,12,7,9,2,8,9,6,8,5
f1270_28,120,11,12,12,13,13,12,11,13,12,11
f1271_05,102,11,13,7,13,12,10,10,12,6,8
f1272_09,129,13,13,13,13,13,13,13,13,13,12
f1273_29,116,10,13,9,13,12,11,12,12,13,11
f1274_24,123,12,12,13,13,13,11,11,12,13,13
f1275_19,117,11,12,13,12,12,10,12,12,11,12
f1276_10,121,13,11,13,13,12,13,12,12,11,11
f1277_02,118,13,12,10,13,12,10,13,12,12,11
f1278_22,124,13,13,11,12,13,12,12,12,13,13
f1279_31,108,10,12,11,11,11,12,9,11,11,10
f1280_21,69,10,7,7,7,6,7,6,7,6,6
f1281_28,120,11,13,13,9,13,13,13,12,12,11
f1282_39,127,12,13,13,12,13,12,13,13,13,13
f1283_24,109,12,10,12,12,10,12,13,9,13,6
f1284_38,96,11,10,10,9,10,9,9,9,10,9
f1285_45,107,10,12,10,11,12,8,11,10,11,12
f1286_47,122,13,13,13,13,11,10,11,13,12,13
f1287_40,102,11,13,12,12,7,7,8,12,11,9
f1288_23,69,4,12,5,9,4,3,9,6,8,9
f1289_06,99,8,11,11,11,8,12,12,9,8,9
f1290_49,103,11,12,7,12,13,9,8,10,11,10
f1291_26,78,8,8,5,11,7,9,10,5,9,6
f1292_22,77,6,12,6,7,8,7,7,6,11,7
f1293_37,74,7,9,7,3,8,7,7,11,7,8
f1294_12,111,13,13,13,11,11,9,11,13,9,8
f1295_00,114,10,13,12,13,13,9,11,11,13,9
f1296_02,90,7,10,8,11,7,9,9,12,9,8
f1297_30,82,8,9,11,9,9,9,9,7,7,4
f1298_29,115,13,12,12,12,11,10,10,12,13,10
f1299_42,71,7,15,5,8,6,5,6,10,4,5
f1300_41,118,11,12,11,13,12,9,13,13,13,11
f1301_47,124,13,13,13,11,13,12,13,13,12,11
f1302_15,84,10,8,9,10,8,7,8,11,8,5
f1303_05,98,10,12,10,13,6,7,10,12,9,9
f1304_45,96,8,13,12,9,7,7,9,12,8,11
f1305_42,122,13,11,12,13,13,13,12,13,11,11
f1306_03,77,10,10,9,6,6,4,8,6,10,8
f1307_25,85,7,11,10,12,9,9,4,8,6,9
f1308_43,111,10,13,9,12,11,8,13,14,13,8
f1309_08,101,10,13,12,10,12,8,7,12,9,8
f1310_44,120,11,11,12,13,12,11,12,13,13,12
f1311_39,125,12,13,12,12,13,13,13,13,13,11
f1312_23,115,11,13,13,12,11,8,13,10,13,11
f1313_04,126,13,13,13,12,13,11,12,13,13,13
f1314_29,129,13,12,13,13,13,13,13,13,13,13
f1315_48,110,12,11,11,13,12,7,9,13,13,9
f1316_31,91,12,12,11,9,8,8,10,9,7,5
f1317_00,115,9,13,12,12,13,9,12,13,11,11
f1318_17,115,11,13,13,13,11,8,9,13,12,12
f1319_00,93,8,10,9,11,10,5,11,11,8,10
f1320_38,112,10,15,10,11,12,9,9,12,13,11
f1321_40,130,13,13,13,13,13,13,13,13,13,13
f1322_16,65,7,9,5,9,6,1,5,9,5,9
f1323_11,119,11,11,13,11,12,12,13,11,13,12
f1324_40,122,13,11,13,13,12,11,13,13,12,11
f1325_20,123,13,12,13,13,13,9,11,13,13,13
f1326_12,121,12,13,13,13,11,13,11,13,13,9
f1327_05,110,11,11,11,13,11,7,11,12,12,11
f1328_01,108,8,12,12,12,10,11,11,11,11,10
f1329_29,115,11,12,13,12,13,8,11,12,11,12
f1330_35,118,13,12,10,13,10,10,13,13,12,12
f1331_49,99,10,11,11,12,10,12,7,12,5,9
f1332_24,116,12,12,12,13,12,11,10,13,12,9
f1333_48,116,13,13,10,13,12,8,10,13,13,11
f1334_00,107,12,12,11,12,11,6,8,12,12,11
f1335_30,102,6,15,11,8,13,10,10,12,7,10
f1336_30,125,12,13,13,13,13,10,12,13,13,13
f1337_29,87,8,10,9,10,7,7,7,11,7,11
f1338_02,128,12,13,13,13,13,13,13,13,13,12
f1339_22,104,12,12,11,11,9,9,9,9,11,11
f1340_02,121,12,13,13,12,11,12,13,13,10,12
f1341_45,106,12,12,12,11,8,5,12,12,12,10
f1342_17,84,10,11,10,11,6,4,9,8,6,9
f1343_32,85,11,9,6,11,6,7,9,8,10,8
f1344_45,77,10,11,7,9,5,4,6,10,6,9
f1345_41,117,13,11,10,12,13,12,13,12,10,11
f1346_08,112,11,13,12,11,13,6,11,12,11,12
f1347_06,98,9,12,10,9,9,9,12,12,7,9
f1348_27,71,10,11,7,5,10,7,6,10,1,4
f1349_00,118,12,13,12,12,11,13,13,12,10,10
f1350_18,128,13,12,13,13,12,13,13,13,13,13
f1351_29,117,12,13,11,12,12,10,11,12,12,12
f1352_27,110,11,12,12,11,13,7,9,12,11,12
f1353_42,113,13,11,10,12,12,12,11,12,10,10
f1354_22,103,12,12,6,9,11,9,11,10,11,12
f1355_03,121,13,13,13,12,12,12,12,11,10,13
f1356_29,90,10,13,8,11,9,4,6,11,12,6
f1357_25,93,10,13,11,8,10,5,9,9,8,10
f1358_13,65,6,10,8,10,6,3,4,6,6,6
f1359_45,96,7,12,9,9,8,8,13,11,10,9
f1360_32,96,9,12,11,11,9,10,11,9,7,7
f1361_36,121,11,13,13,10,13,9,13,13,13,13
f1362_31,115,12,12,12,13,11,11,13,12,10,9
f1363_19,115,13,11,12,13,12,12,11,7,13,11
f1364_24,66,7,10,4,10,3,2,5,6,9,10
f1365_16,106,12,11,7,12,11,10,11,11,11,10
f1366_49,112,11,12,10,13,12,9,12,12,12,9
f1367_00,103,12,13,9,13,9,9,8,11,9,10
f1368_03,116,12,13,12,11,12,8,12,13,11,12
f1369_36,126,13,11,13,13,12,12,13,13,13,13
f1370_48,120,12,13,12,13,11,12,12,13,13,9
f1371_21,77,9,12,6,10,7,9,4,7,7,6
f1372_35,110,12,12,13,10,10,10,10,11,12,10
f1373_33,96,12,10,11,12,8,3,12,7,10,11
f1374_18,125,14,12,11,13,13,13,13,12,12,12
f1375_23,109,10,12,13,12,12,10,13,9,9,9
f1376_43,120,12,12,11,13,12,10,13,12,13,12
f1377_09,84,9,9,6,9,9,6,8,9,10,9
f1378_08,110,11,13,10,10,13,12,9,12,10,10
f1379_47,98,12,12,13,11,8,8,9,10,8,7
f1380_34,107,12,13,11,11,9,7,9,12,13,10
f1381_00,109,13,11,13,11,9,7,10,11,13,11
f1382_07,110,13,12,11,11,8,8,13,11,11,12
f1383_16,118,12,12,13,12,12,10,13,10,13,11
f1384_42,71,6,10,9,8,6,4,8,11,5,4
f1385_36,102,13,11,10,12,6,6,11,12,11,10
f1386_19,60,7,11,6,6,6,6,5,6,2,5
f1387_23,116,11,13,8,13,13,10,12,12,12,12
f1388_41,69,10,12,4,7,5,3,6,7,8,7
f1389_01,108,10,12,13,13,10,9,12,11,10,8
f1390_10,122,13,13,12,13,13,13,12,12,10,11
f1391_35,130,13,13,13,13,13,13,13,13,13,13
f1392_44,124,12,12,12,12,13,13,13,13,13,11
f1393_25,122,12,11,12,13,13,12,11,13,12,13
f1394_16,111,12,13,11,11,10,11,10,11,11,11
f1395_14,99,11,13,10,11,9,9,10,10,9,7
f1396_07,76,11,7,8,11,5,4,5,9,7,9
f1397_09,127,13,13,13,12,13,13,13,13,13,11
f1398_48,107,10,11,11,13,12,7,12,12,12,7
f1399_06,101,8,13,9,11,10,9,12,10,10,9
f1400_25,114,10,11,11,13,13,10,12,12,12,10
f1401_36,105,10,11,10,11,8,9,13,11,11,11
f1402_17,121,12,13,11,12,13,13,12,10,12,13
f1403_42,121,13,12,11,13,12,12,12,12,12,12
f1404_39,86,8,9,9,11,8,9,9,9,5,9
f1405_35,105,11,12,10,11,8,9,12,11,10,11
f1406_38,109,12,13,11,11,9,7,8,13,12,13
f1407_18,95,8,11,8,9,9,5,12,11,11,11
f1408_02,82,11,13,5,8,5,8,6,9,8,9
f1409_25,118,11,12,13,13,12,8,13,11,12,13
f1410_19,56,6,8,7,7,5,5,6,5,2,5
f1411_01,116,12,12,8,12,11,13,12,12,11,13
f1412_36,125,13,12,13,13,13,9,13,13,13,13
f1413_14,113,12,13,11,12,11,7,11,12,13,11
f1414_16,86,9,13,9,5,6,3,9,11,10,11
f1415_37,123,12,13,12,12,11,13,13,13,13,11
f1416_00,103,10,13,7,10,10,12,11,10,10,10
f1417_14,85,9,10,10,11,7,8,9,8,6,7
f1418_02,114,12,11,13,10,13,12,12,8,12,11
f1419_11,67,8,10,8,9,3,3,4,7,9,6
f1420_00,93,11,13,7,11,8,6,8,10,8,11
f1421_27,103,12,12,8,10,11,7,10,12,10,11
f1422_18,125,11,13,12,13,13,13,13,13,12,12
f1423_05,49,4,4,4,5,3,3,6,4,7,9
f1424_45,116,12,13,11,12,9,12,11,11,13,12
f1425_23,121,12,13,11,12,13,11,12,11,13,13
f1426_27,122,13,13,13,12,11,12,12,13,12,11
f1427_16,120,11,14,12,11,13,13,11,13,10,12
f1428_25,123,12,12,13,13,13,11,13,12,13,11
f1429_14,99,11,13,11,13,7,8,8,11,8,9
f1430_10,108,11,12,11,13,11,9,11,11,11,8
f1431_47,117,13,12,12,13,9,11,11,13,12,11
f1432_44,14,3,1,3,2,3,0,1,0,1,0
f1433_36,109,12,13,11,12,11,7,9,12,10,12
f1434_10,110,10,12,9,8,11,13,13,10,13,11
f1435_38,111,12,13,10,12,11,7,10,12,12,12
f1436_39,115,7,13,13,13,12,11,10,13,11,12
f1437_23,99,10,12,10,11,7,6,12,9,12,10
f1438_26,91,10,10,7,10,9,8,11,9,8,9
f1439_27,114,11,12,11,13,10,13,9,12,11,12
f1440_10,128,13,13,13,13,13,13,12,13,12,13
f1441_43,108,11,13,13,10,12,7,9,12,10,11
f1442_28,103,10,11,8,11,10,12,11,8,11,11
f1443_09,115,13,13,10,11,12,9,11,12,13,11
f1444_03,130,13,13,13,13,13,13,13,13,13,13
f1445_31,125,13,12,13,12,13,12,13,13,13,11
f1446_25,97,10,11,8,9,9,7,12,12,8,11
f1447_28,125,12,13,13,13,12,13,13,13,12,11
f1448_42,106,12,13,7,12,10,9,11,12,10,10
f1449_22,122,11,12,13,12,13,12,13,12,12,12
f1450_34,128,12,13,13,13,12,13,13,13,13,13
f1451_24,93,9,12,11,12,5,7,6,12,9,10
f1452_02,105,9,15,10,10,8,12,11,12,10,8
f1453_47,122,13,12,13,11,13,11,13,12,12,12
f1454_12,108,10,10,11,12,10,11,10,11,13,10
f1455_14,121,12,13,12,13,13,12,11,12,12,11
f1456_41,126,12,13,13,13,13,12,12,13,12,13
f1457_23,124,12,13,13,13,13,11,12,12,12,13
f1458_19,122,13,10,13,13,12,13,13,12,11,12
f1459_30,96,9,12,8,10,9,7,9,9,12,11
f1460_02,106,11,9,9,11,11,12,12,12,11,8
f1461_46,99,11,12,9,9,12,5,9,9,12,11
f1462_01,118,11,13,11,12,11,11,13,13,11,12
f1463_23,109,13,11,12,12,13,10,10,11,5,12
f1464_23,94,10,10,9,9,8,7,11,9,11,10
f1465_32,87,8,8,9,11,6,7,11,8,10,9
f1466_48,103,13,10,9,9,12,9,10,12,8,11
f1467_22,86,9,9,7,9,11,5,9,7,11,9
f1468_04,97,11,8,12,10,9,10,10,10,8,9
f1469_25,92,10,12,9,4,9,10,12,9,7,10
f1470_34,126,12,12,13,13,13,13,12,12,13,13
f1471_42,107,11,11,10,10,11,10,12,11,11,10
f1472_37,118,13,13,13,13,12,11,11,11,11,10
f1473_30,126,13,13,13,13,12,11,12,13,13,13
f1474_13,98,8,12,12,10,11,8,8,11,10,8
f1475_14,74,8,11,7,6,9,2,6,10,8,7
f1476_39,67,6,11,5,4,2,6,5,10,11,7
f1477_37,77,7,10,6,8,11,7,7,7,9,5
f1478_41,122,12,12,12,12,13,12,13,12,12,12
f1479_40,122,13,13,12,13,11,13,12,11,12,12
f1480_24,109,13,13,11,10,8,9,10,12,13,10
f1481_35,129,13,13,13,13,13,13,13,13,12,13
f1482_39,122,13,11,12,13,11,11,13,12,13,13
f1483_44,99,9,12,8,13,11,9,8,7,11,11
f1484_21,100,11,12,10,12,10,7,8,9,11,10
f1485_22,111,8,12,11,12,8,12,12,10,13,13
f1486_35,92,11,10,10,7,8,9,13,8,8,8
f1487_45,118,12,14,12,12,8,13,13,12,11,11
f1488_27,99,11,13,9,11,11,9,9,13,5,8
f1489_03,103,10,11,9,10,12,10,11,11,7,12
f1490_31,112,9,14,12,12,12,10,13,13,10,7
f1491_42,114,12,12,12,13,12,12,12,10,9,10
f1492_06,97,10,13,11,8,7,11,10,10,8,9
f1493_36,103,12,10,9,12,10,7,11,9,11,12
f1494_41,126,13,13,13,13,12,13,13,13,12,11
f1495_32,55,6,7,4,7,1,4,7,6,8,5
f1496_39,115,11,11,13,12,10,10,13,13,10,12
f1497_28,124,12,11,12,13,12,13,13,13,13,12
f1498_08,121,13,12,13,11,12,13,11,13,12,11
f1499_12,91,8,10,7,11,8,9,9,8,13,8
f1500_25,99,7,12,9,11,13,8,9,8,11,11
f1501_00,119,11,13,12,13,13,8,11,13,12,13
f1502_33,113,12,12,12,12,9,11,11,11,11,12
f1503_02,91,10,12,9,9,7,7,9,11,8,9
f1504_10,106,10,13,11,12,11,8,11,12,10,8
f1505_21,102,6,13,11,12,11,7,9,12,11,10
f1506_35,107,11,14,9,12,11,9,9,11,11,10
f1507_20,105,12,13,12,12,9,8,8,10,12,9
f1508_14,93,11,11,8,13,9,5,8,11,9,8
f1509_45,83,9,13,8,8,10,4,9,8,7,7
f1510_28,127,13,14,13,13,12,13,13,13,13,10
f1511_41,123,13,12,13,12,13,12,13,12,12,11
f1512_39,96,12,11,9,7,10,10,8,12,8,9
f1513_07,82,10,11,10,7,5,3,9,10,9,8
f1514_35,119,12,11,13,13,12,10,10,13,12,13
f1515_36,124,13,12,13,13,13,10,13,13,12,12
f1516_46,115,13,10,11,13,13,10,9,12,13,11
f1517_35,69,9,9,5,7,7,3,11,6,5,7
f1518_07,110,13,12,12,12,8,8,12,12,11,10
f1519_36,124,12,12,12,13,13,13,12,12,13,12
f1520_07,130,13,13,13,13,13,13,13,13,13,13
f1521_17,108,11,13,11,9,11,9,10,11,12,11
f1522_45,122,13,13,12,13,12,11,12,13,12,11
f1523_03,72,8,7,10,5,5,3,7,11,7,9
f1524_26,115,12,11,10,11,13,12,12,10,11,13
f1525_00,115,10,13,11,13,12,9,13,13,11,10
f1526_31,116,12,13,11,13,11,11,13,9,13,10
f1527_46,129,13,13,12,13,13,13,13,13,13,13
f1528_18,127,13,13,13,13,13,13,13,13,12,11
f1529_23,111,12,12,11,13,10,9,12,10,10,12
f1530_18,121,12,12,13,13,13,11,13,12,11,11
f1531_34,102,12,15,7,7,11,11,7,11,11,10
f1532_16,121,12,13,9,12,11,13,13,13,12,13
f1533_23,128,12,13,13,13,12,13,13,13,13,13
f1534_32,125,13,12,13,13,11,13,12,13,12,13
f1535_20,109,13,12,10,11,11,8,12,10,10,12
f1536_05,129,13,14,13,13,12,13,13,13,13,12
f1537_32,102,12,11,10,11,7,10,9,11,11,10
f1538_15,98,13,11,8,11,8,7,9,10,10,11
f1539_20,124,13,13,12,13,11,12,12,12,13,13
f1540_20,124,13,12,13,13,13,11,13,11,12,13
f1541_40,118,13,13,11,13,13,10,10,12,11,12
f1542_30,103,8,12,11,10,8,12,12,10,9,11
f1543_08,119,13,13,11,11,13,9,12,12,12,13
f1544_46,125,12,12,12,13,13,12,13,13,12,13
f1545_40,102,12,11,10,10,13,9,11,9,8,9
f1546_05,123,11,13,12,13,13,11,13,13,11,13
f1547_06,123,13,13,13,12,10,13,13,12,13,11
f1548_21,67,7,10,2,6,7,5,9,8,6,7
f1549_10,85,7,12,10,9,7,6,10,12,7,5
f1550_34,119,12,13,12,13,11,10,11,13,11,13
f1551_34,125,13,12,13,12,12,13,13,11,13,13
f1552_32,105,10,13,10,11,7,11,11,11,12,9
f1553_24,91,9,13,11,9,7,6,8,9,10,9
f1554_25,112,10,12,11,9,13,9,13,11,12,12
f1555_23,124,12,12,13,13,13,12,13,13,13,10
f1556_19,33,8,7,2,1,2,3,4,2,2,2
f1557_00,119,11,12,9,13,13,13,10,12,13,13
f1558_21,107,12,11,10,13,11,7,11,10,11,11
f1559_25,127,13,13,13,12,12,13,13,13,13,12
f1560_15,126,13,13,13,12,12,13,13,12,13,12
f1561_30,115,12,12,13,12,13,8,9,12,12,12
f1562_13,113,12,12,12,12,10,11,13,9,10,12
f1563_24,98,11,10,12,12,8,8,9,10,9,9
f1564_43,107,12,13,12,12,10,7,10,11,9,11
f1565_04,126,13,11,13,13,13,13,13,13,12,12
f1566_38,122,11,13,12,11,13,12,13,13,13,11
f1567_20,128,13,12,13,13,12,13,13,13,13,13
f1568_21,123,11,13,12,12,13,12,12,12,13,13
f1569_23,112,11,13,10,11,9,11,12,12,11,12
f1570_40,106,10,13,13,12,9,8,7,11,13,10
f1573_06,78,8,11,9,5,6,1,6,10,11,11
f1574_26,126,13,12,11,13,13,13,13,13,13,12
f1575_36,130,13,13,13,13,13,13,13,13,13,13
f1576_04,62,8,7,4,4,6,6,6,6,7,8
f1577_15,113,13,12,13,10,11,13,13,12,6,10
f1578_22,77,6,10,11,7,5,9,8,8,6,7
f1579_11,123,12,13,10,13,11,13,13,13,13,12
f1580_14,95,12,13,11,6,6,10,8,12,7,10
f1581_39,113,12,12,11,9,9,11,13,11,13,12
f1582_49,124,13,13,12,14,12,10,13,13,12,12
f1583_41,128,13,13,13,13,13,12,13,13,13,12
f1584_28,126,13,12,12,13,13,12,13,13,12,13
f1585_06,124,13,12,12,13,11,12,13,13,12,13
f1586_22,115,12,12,10,11,12,10,12,11,12,13
f1587_05,107,10,12,11,12,9,10,12,10,10,11
f1588_11,122,12,12,12,11,12,11,13,13,13,13
f1589_38,122,13,13,13,13,12,12,12,10,13,11
f1590_15,120,13,13,12,13,9,12,12,12,13,11
f1591_47,120,13,11,13,13,12,10,12,13,12,11
f1592_44,107,12,12,12,10,12,11,9,13,9,7
f1593_46,108,12,11,12,12,11,13,9,10,9,9
f1594_09,94,13,12,9,11,7,4,7,12,10,9
f1595_34,116,11,11,12,11,13,13,12,12,9,12
f1596_10,98,11,12,10,9,9,4,10,12,10,11
f1597_45,104,12,12,8,11,7,8,12,11,11,12
f1598_49,57,6,6,4,9,4,3,4,7,8,6
f1599_48,103,12,13,11,8,10,7,8,13,9,12
f1600_43,118,12,12,13,13,12,11,12,11,10,12
f1601_01,128,13,13,12,13,12,13,13,13,13,13
f1602_35,120,13,13,11,13,12,10,13,13,11,11
f1603_40,122,12,13,12,13,13,12,13,12,11,11
f1604_07,123,13,12,12,13,11,12,13,13,12,12
f1605_44,121,12,13,12,12,12,13,13,13,9,12
f1606_19,106,11,13,11,9,11,9,12,12,9,9
f1607_17,77,8,9,5,9,7,9,10,9,6,5
f1608_37,121,12,13,13,13,12,11,11,13,13,10
f1609_27,115,12,13,12,12,10,11,12,12,10,11
f1610_32,122,13,11,13,13,13,11,13,13,10,12
f1611_08,111,12,13,12,12,8,13,13,11,9,8
f1612_47,116,12,13,10,12,12,12,12,12,11,10
f1613_27,122,12,12,12,13,13,12,12,12,11,13
f1614_22,124,12,12,12,13,12,13,13,11,13,13
f1615_41,99,11,9,10,10,10,12,6,13,9,9
f1616_04,127,13,12,13,12,13,13,13,13,13,12
f1617_41,123,12,12,11,13,11,13,12,13,13,13
f1618_39,113,12,12,12,9,12,9,13,13,10,11
f1619_37,121,13,13,13,11,12,12,12,12,12,11
f1620_12,99,11,11,11,8,8,9,10,10,10,11
f1621_46,81,8,10,10,9,5,3,9,9,10,8
f1622_16,120,13,11,11,11,10,13,13,13,13,12
f1623_09,88,10,10,6,11,8,9,7,10,11,6
f1624_03,109,11,13,9,11,11,7,11,13,12,11
f1625_05,120,13,13,13,13,10,13,13,13,9,10
f1626_27,102,13,11,12,11,13,12,8,8,6,8
f1627_25,127,13,13,13,13,12,13,13,13,12,12
f1628_45,105,11,12,10,13,10,8,9,12,10,10
f1629_49,127,13,13,13,12,13,13,13,12,13,12
f1630_21,125,12,13,13,12,11,12,13,13,13,13
f1631_40,122,12,12,12,13,10,13,13,11,13,13
f1632_39,107,10,11,10,11,11,9,12,10,12,11
f1633_35,123,13,12,12,13,12,11,13,13,11,13
f1634_38,109,11,13,12,11,11,8,10,11,12,10
f1635_40,122,11,12,13,13,12,13,13,12,12,11
f1636_00,101,11,12,8,12,11,8,11,10,8,10
f1637_03,99,9,13,10,10,7,10,10,13,8,9
f1638_14,114,10,12,13,12,11,12,11,13,10,10
f1639_38,93,10,12,10,9,7,6,11,12,7,9
f1640_48,128,13,12,13,13,13,13,12,13,13,13
f1641_09,98,9,13,10,12,9,5,9,12,10,9
f1642_04,108,12,12,13,9,12,8,10,10,10,12
f1643_46,125,13,14,12,12,13,12,13,12,13,11
f1644_01,129,13,12,13,13,13,13,13,13,13,13
f1645_35,128,13,12,13,13,13,13,13,13,13,12
f1646_33,69,10,11,7,8,6,2,6,5,7,7
f1647_28,126,13,13,13,11,12,13,13,13,12,13
f1648_00,110,11,12,11,13,12,8,9,13,10,11
f1649_03,126,13,13,13,13,10,13,13,13,13,12
f1650_05,105,11,12,10,12,8,8,11,12,11,10
f1651_06,125,12,12,13,13,12,13,13,11,13,13
f1652_11,121,12,13,9,12,12,13,12,13,13,12
f1653_02,120,12,13,12,11,11,11,13,12,12,13
f1654_46,125,13,12,12,13,13,13,12,13,13,11
f1655_34,76,11,12,6,9,8,3,8,6,8,5
f1656_24,118,13,10,11,12,11,11,13,13,13,11
f1657_06,93,9,11,10,10,9,9,9,9,9,8
f1658_04,118,13,13,12,13,13,10,11,12,10,11
f1659_04,120,13,13,13,12,13,11,13,11,11,10
f1660_07,105,12,11,12,10,9,5,11,12,11,12
f1661_05,112,10,12,9,12,11,11,12,11,13,11
f1662_01,125,13,13,12,12,13,13,12,12,12,13
f1663_13,104,11,10,8,12,8,11,10,11,12,11
f1664_04,118,13,12,12,12,13,11,12,11,12,10
f1665_00,76,11,8,6,9,7,3,9,6,7,10
f1666_45,97,11,11,8,11,9,9,8,12,10,8
f1667_29,125,11,12,13,13,13,13,13,13,13,11
f1668_08,113,13,12,11,11,9,11,13,11,12,10
f1669_41,117,12,12,12,12,13,10,12,13,12,9
f1670_20,122,13,13,13,13,12,10,12,13,10,13
f1671_40,111,12,13,12,11,13,9,8,12,8,13
f1672_35,86,11,11,10,8,5,3,8,11,9,10
f1673_32,100,11,11,9,12,9,9,9,9,10,11
f1674_35,78,8,12,5,7,11,5,7,12,5,6
f1675_40,69,5,7,9,8,6,7,10,7,7,3
f1676_30,122,11,13,12,12,13,12,12,13,12,12
f1677_01,105,12,13,9,12,10,6,8,11,11,13
f1678_19,122,13,12,13,13,13,11,13,11,12,11
f1679_05,120,13,12,12,13,12,10,11,13,12,12
f1680_37,117,13,13,12,12,11,11,10,12,11,12
f1681_44,124,12,13,13,13,10,13,12,12,13,13
f1682_10,113,13,12,11,12,9,12,11,13,11,9
f1683_30,119,10,13,12,13,13,11,12,12,12,11
f1684_08,122,13,13,13,13,13,10,13,11,12,11
f1685_23,109,10,10,10,13,10,11,10,13,12,10
f1686_01,69,5,13,7,5,12,2,5,9,4,7
f1687_40,94,10,13,10,10,11,6,9,10,6,9
f1688_24,119,13,13,13,9,13,11,10,13,12,12
f1689_07,121,12,12,10,13,12,12,11,13,13,13
f1690_24,123,12,12,12,12,13,13,13,12,13,11
f1691_07,97,7,13,11,11,9,11,7,10,8,10
f1692_18,117,12,13,11,12,12,10,13,12,13,9
f1693_00,118,11,13,13,12,11,9,12,13,13,11
f1694_17,113,11,12,10,12,12,11,12,11,11,11
f1695_12,117,10,10,12,12,10,12,13,13,12,13
f1696_08,110,12,12,10,12,11,10,10,12,10,11
f1697_45,113,13,12,13,12,7,10,11,12,13,10
f1698_35,117,12,13,10,12,9,13,12,12,13,11
f1699_42,121,12,13,13,13,12,12,10,12,11,13
f1700_36,115,10,11,12,13,12,10,12,13,12,10
f1701_10,108,12,13,10,11,10,12,11,10,9,10
f1702_13,123,13,12,11,13,13,12,12,13,12,12
f1703_29,110,13,12,12,12,12,6,10,12,10,11
f1704_29,126,13,13,11,13,12,13,13,12,13,13
f1705_41,129,13,12,13,13,13,13,13,13,13,13
f1706_39,127,13,12,13,13,13,12,13,13,13,12
f1707_05,102,7,10,12,11,11,10,10,11,9,11
f1708_22,103,9,12,8,12,9,11,10,11,9,12
f1709_03,121,12,13,11,13,13,8,13,13,12,13
f1710_15,109,12,13,12,10,9,10,9,11,10,13
f1711_35,96,9,12,9,10,8,8,13,11,8,8
f1712_10,129,13,12,13,13,13,13,13,13,13,13
f1713_02,91,9,13,7,12,4,11,7,9,8,11
f1714_49,114,12,12,9,13,12,12,11,12,11,10
f1715_20,128,13,12,13,13,13,13,13,13,13,12
f1716_48,71,5,12,9,4,8,4,5,12,4,8
f1717_16,94,11,10,10,9,8,5,9,9,11,12
f1718_29,110,9,13,10,12,12,12,10,9,11,12
f1719_12,111,10,15,11,10,9,11,12,13,10,10
f1720_48,125,13,12,13,12,13,13,13,13,12,11
f1721_26,127,11,13,13,13,13,12,13,13,12,14
f1722_43,129,13,13,13,13,13,13,13,13,13,12
f1724_42,127,12,13,13,13,13,12,13,13,13,12
f1728_02,129,13,13,13,13,13,13,14,12,13,12
f1729_47,121,13,13,12,12,12,11,11,12,12,13
f1730_21,109,10,11,10,13,11,8,11,13,11,11
f1731_34,60,10,12,4,1,1,1,6,10,8,7
f1732_28,128,12,13,13,13,13,13,13,12,13,13
f1733_23,87,12,12,10,10,7,2,8,10,5,11
f1734_48,107,12,11,11,10,11,9,11,11,11,10
f1735_22,115,11,13,13,13,8,11,11,12,12,11
f1736_04,98,9,9,11,9,12,7,8,11,12,10
f1737_09,96,10,12,10,9,9,8,9,12,9,8
f1738_42,123,12,12,13,12,13,13,12,12,11,13
f1739_23,127,13,12,13,12,12,13,13,13,13,13
f1740_04,126,12,12,13,13,12,13,13,13,13,12
f1741_16,115,13,10,12,11,12,11,12,12,11,11
f1742_04,126,13,13,13,13,13,12,12,13,13,11
f1743_33,84,13,10,9,9,6,6,8,5,10,8
f1744_39,124,12,13,12,13,13,12,13,11,13,12
f1745_36,99,8,13,11,11,9,8,11,9,10,9
f1746_28,110,11,13,12,11,12,13,7,10,11,10
f1747_44,97,10,13,12,10,6,6,10,9,11,10
f1748_30,127,13,13,13,13,13,13,12,12,13,12
f1749_23,52,6,10,5,9,4,2,7,5,3,1
f1750_06,126,12,13,12,12,13,12,13,13,13,13
f1751_08,100,10,12,11,11,7,7,10,11,11,10
f1752_29,129,13,12,13,13,13,13,13,13,13,13
f1753_34,121,11,13,13,13,12,12,12,13,11,11
f1754_35,115,13,11,12,13,9,10,12,10,13,12
f1755_46,112,12,14,12,11,9,12,12,6,13,11
f1756_07,31,3,7,3,3,2,0,3,5,3,2
f1757_24,115,10,13,10,13,13,11,12,13,11,9
f1758_36,121,12,12,13,13,12,12,11,13,13,10
f1759_19,86,10,13,10,5,8,6,7,12,5,10
f1760_27,116,12,13,11,13,10,10,13,12,10,12
f1761_43,112,11,13,12,13,12,6,9,12,12,12
f1762_28,125,13,13,13,13,13,13,12,13,12,10
f1763_25,117,12,12,11,13,10,13,11,12,12,11
f1764_25,103,12,14,11,9,10,10,9,12,7,9
f1765_33,120,12,13,11,11,12,12,12,12,13,12
f1766_41,118,12,12,13,12,13,10,11,12,11,12
f1767_34,36,4,9,0,2,4,0,3,8,2,4
f1768_48,111,11,13,11,11,11,8,11,12,12,11
f1769_04,123,13,13,12,12,13,11,12,13,12,12
f1770_47,112,13,12,9,11,10,10,13,13,10,11
f1771_46,105,12,12,8,12,11,10,8,9,12,11
f1772_12,90,13,12,9,8,11,7,11,7,6,6
f1773_18,117,12,10,12,13,11,11,13,12,11,12
f1774_40,126,13,12,12,13,12,13,13,13,13,12
f1775_42,125,12,13,12,13,13,11,12,13,13,13
f1776_35,111,12,12,6,13,11,9,13,12,12,11
f1777_29,115,11,13,9,12,12,9,11,12,13,13
f1778_11,113,11,13,12,11,9,13,12,12,10,10
f1779_01,116,10,13,11,13,11,11,11,12,12,12
f1780_04,83,10,8,10,9,5,3,8,9,10,11
f1781_48,107,10,12,10,12,13,10,12,8,9,11
f1782_05,105,11,13,9,12,10,9,10,12,9,10
f1783_34,75,8,11,11,7,5,7,7,5,7,7
f1784_17,109,8,12,10,13,9,12,12,11,11,11
f1785_07,114,13,11,13,12,10,7,11,12,13,12
f1786_08,85,9,8,8,7,9,8,10,9,8,9
f1787_36,108,10,11,12,11,10,9,12,11,10,12
f1788_32,105,9,13,11,12,6,10,12,10,12,10
f1789_37,123,12,13,13,13,11,12,13,12,13,11
f1790_11,110,12,10,11,11,13,8,11,10,12,12
f1791_04,119,13,13,12,11,12,11,13,13,11,10
f1792_12,124,12,12,12,12,13,13,13,13,11,13
f1793_33,92,10,13,8,12,8,5,8,9,9,10
f1794_07,94,12,10,8,9,10,7,9,10,9,10
f1795_30,122,12,13,12,13,13,13,12,11,11,12
f1796_21,110,11,9,12,10,13,10,12,10,11,12
f1797_27,95,10,11,8,11,9,6,9,13,8,10
f1798_42,98,11,8,12,12,9,7,12,10,8,9
f1799_27,129,13,13,13,13,13,13,13,13,13,12
f1800_08,116,12,14,12,13,7,12,13,12,12,9
f1801_01,122,12,13,12,13,12,11,13,12,11,13
f1802_35,71,10,12,10,2,4,8,10,6,4,5
f1803_09,115,13,13,10,10,11,10,13,12,12,11
f1804_32,94,11,10,6,12,8,9,11,8,11,8
f1805_13,105,11,13,10,10,11,10,10,10,12,8
f1806_29,129,13,13,13,13,13,13,13,12,13,13
f1807_08,114,13,11,10,11,10,10,12,12,12,13
f1808_13,95,11,9,12,8,11,5,11,10,8,10
f1809_16,91,8,13,9,9,8,8,9,8,11,8
f1810_02,116,13,13,10,13,11,13,9,12,10,12
f1811_11,103,10,10,12,12,11,7,10,9,12,10
f1812_15,125,12,13,12,13,13,12,13,12,13,12
f1813_25,103,11,10,10,9,10,8,12,11,11,11
f1814_24,96,13,12,13,8,5,7,7,11,10,10
f1815_44,122,12,12,12,12,13,12,12,13,12,12
f1816_24,79,7,11,9,9,5,7,7,6,9,9
f1817_18,116,12,12,13,10,13,11,12,11,11,11
f1818_11,106,12,13,12,10,11,9,11,12,8,8
f1819_37,111,10,12,13,13,11,7,12,13,9,11
f1820_17,126,13,13,13,13,12,13,12,12,13,12
f1821_24,112,13,12,11,12,12,11,10,10,12,9
f1822_45,114,13,12,12,12,11,6,13,13,12,10
f1823_43,106,11,12,10,11,12,8,12,12,7,11
f1824_18,115,12,13,9,11,11,11,11,13,12,12
f1825_06,109,10,13,10,11,11,11,12,13,11,7
f1826_01,113,9,13,12,12,12,10,13,10,11,11
f1827_17,114,13,12,12,11,9,12,12,12,12,9
f1828_25,90,12,12,9,8,9,8,11,7,7,7
f1829_17,90,12,11,5,9,12,8,7,12,7,7
f1830_16,118,13,13,10,10,9,12,13,13,13,12
f1831_15,52,6,10,6,7,5,4,3,3,4,4
f1832_47,120,13,12,12,12,12,11,12,12,12,12
f1833_03,127,13,12,12,13,13,12,13,13,13,13
f1834_16,118,12,13,12,11,13,12,9,13,12,11
f1835_27,81,10,9,5,7,9,9,10,9,6,7
f1836_34,126,13,13,13,11,13,13,13,13,13,11
f1837_00,129,12,13,13,13,13,13,13,13,13,13
f1838_49,108,8,13,12,11,11,10,10,11,12,10
f1839_31,106,10,12,13,12,7,12,10,12,9,9
f1840_35,121,12,13,11,12,12,13,12,12,12,12
f1841_05,124,13,12,11,13,11,13,13,13,12,13
f1842_34,117,11,13,12,12,10,11,12,12,12,12
f1843_09,110,10,13,9,12,12,8,12,12,13,9
f1844_38,112,13,12,11,10,11,10,12,11,11,11
f1845_02,118,13,13,10,13,11,11,12,12,12,11
f1846_45,111,12,12,10,13,9,8,13,11,12,11
f1847_26,112,11,13,9,12,12,11,12,11,11,10
f1848_43,116,11,13,12,13,12,11,10,9,12,13
f1849_46,121,13,12,11,13,11,12,13,13,13,10
f1850_16,81,10,9,9,10,6,4,3,9,11,10
f1851_06,98,8,10,11,10,11,6,9,10,12,11
f1852_35,119,12,13,12,13,12,9,12,12,12,12
f1853_42,117,13,12,12,13,11,13,11,10,12,10
f1854_17,57,6,6,3,10,2,2,9,9,6,4
f1855_37,128,13,13,13,13,13,13,13,12,13,12
f1856_37,107,12,11,12,11,10,9,12,11,9,10
f1857_48,95,10,11,7,12,10,7,9,11,8,10
f1858_21,91,12,14,12,7,3,11,10,9,7,6
f1859_39,107,12,12,9,12,8,12,13,11,8,10
f1860_06,100,10,13,12,10,9,9,9,12,8,8
f1861_26,120,11,12,13,13,12,11,11,13,12,12
f1862_37,122,13,13,13,11,13,10,13,13,12,11
f1863_44,116,13,13,11,10,12,12,11,13,11,10
f1864_10,118,13,11,11,13,12,12,11,13,11,11
f1865_30,100,10,11,9,11,6,12,13,9,8,11
f1866_14,85,10,6,10,7,9,9,8,10,10,6
f1867_44,99,9,13,8,8,10,9,11,9,12,10
f1868_06,86,13,9,8,7,7,9,9,8,8,8
f1869_07,87,7,13,6,8,9,9,12,9,8,6
f1870_30,124,13,12,13,13,12,13,12,12,13,11
f1871_04,114,12,13,10,12,12,10,11,12,12,10
f1872_07,71,7,6,8,7,9,4,4,8,9,9
f1873_22,127,13,13,13,13,13,13,13,13,13,10
f1874_36,124,13,13,12,13,12,10,13,12,13,13
f1875_21,127,13,13,12,13,13,12,13,13,13,12
f1876_22,90,10,8,8,10,6,5,10,10,12,11
f1877_30,119,13,13,13,12,10,13,10,12,12,11
f1878_33,115,13,11,12,9,11,12,11,13,13,10
f1879_44,105,11,12,10,10,11,8,11,10,10,12
f1880_06,101,9,12,12,10,11,8,8,11,8,12
f1881_37,101,12,13,10,10,7,9,12,12,11,5
f1882_40,97,10,12,7,8,10,9,10,12,8,11
f1883_03,114,12,13,10,13,12,10,10,13,11,10
f1884_05,118,13,13,11,13,12,7,11,12,13,13
f1885_29,124,12,13,12,13,12,13,13,10,13,13
f1886_18,112,12,12,11,13,10,10,11,11,12,10
f1887_23,96,11,11,8,11,6,8,12,11,11,7
f1888_11,88,9,12,11,8,6,7,9,9,9,8
f1889_05,126,12,12,13,13,13,12,13,12,13,13
f1890_28,120,12,12,11,11,12,13,12,13,12,12
f1891_18,115,11,13,12,10,12,12,12,10,12,11
f1892_07,114,12,12,13,13,9,7,12,12,11,13
f1893_26,120,12,12,12,11,12,13,12,12,13,11
f1894_39,108,12,9,10,9,13,10,10,9,13,13
f1895_37,125,13,13,13,13,13,11,13,12,12,12
f1896_13,110,9,12,12,13,12,10,12,11,9,10
f1897_40,123,13,13,11,13,11,13,13,12,13,11
f1898_09,85,12,10,8,8,10,4,9,12,4,8
f1899_19,69,6,11,8,4,6,3,7,10,4,10
f1900_12,125,13,12,13,13,12,13,11,13,13,12
f1901_07,112,13,13,11,11,11,9,11,13,9,11
f1902_10,99,9,10,9,11,11,5,12,12,11,9
f1903_48,105,12,12,9,10,10,8,9,12,11,12
f1904_33,108,11,12,10,11,11,9,9,11,13,11
f1905_23,115,9,13,13,12,10,9,13,13,10,13
f1906_16,130,13,13,13,13,13,13,13,13,13,13
f1907_22,120,12,12,11,12,10,12,13,12,13,13
f1908_49,121,11,13,12,12,13,13,13,9,12,13
f1909_43,100,10,12,12,7,9,7,11,12,8,12
f1910_05,121,13,13,12,11,13,11,10,13,13,12
f1911_44,100,10,13,9,11,8,10,9,10,10,10
f1912_13,122,13,13,12,11,10,12,13,13,12,13
f1913_37,123,12,12,13,13,13,13,12,13,13,9
f1914_02,68,7,11,7,7,6,4,8,8,7,3
f1915_00,79,9,8,7,10,8,3,7,10,9,8
f1916_32,120,13,12,12,12,12,10,13,13,12,11
f1917_19,127,13,12,13,13,13,13,12,13,13,12
f1918_04,96,10,8,11,11,6,5,12,11,10,12
f1919_17,106,9,13,10,12,11,7,10,11,12,11
f1920_09,113,10,13,11,11,12,9,12,12,11,12
f1921_33,124,13,13,11,11,12,13,13,13,13,12
f1922_38,105,8,14,11,10,10,8,10,13,9,12
f1923_42,58,6,6,7,6,6,5,4,6,6,6
f1924_29,108,12,12,11,12,11,7,10,13,10,10
f1925_00,112,10,12,9,12,13,9,12,13,10,12
f1926_49,109,7,13,13,12,11,11,10,11,9,12
f1927_01,117,13,10,10,12,12,11,12,12,12,13
f1928_20,89,12,11,6,8,9,9,10,9,9,6
f1929_04,109,12,13,13,9,10,8,10,12,10,12
f1930_02,127,13,13,12,13,13,13,12,13,12,13
f1931_49,57,6,7,7,5,6,4,7,5,7,3
f1932_09,97,12,11,8,10,7,8,9,11,11,10
f1933_13,117,12,12,13,13,10,11,12,11,10,13
f1934_10,95,10,10,7,10,7,8,11,11,12,9
f1935_07,110,13,13,13,12,12,7,11,12,10,7
f1936_06,122,12,12,12,12,12,13,12,13,12,12
f1937_04,94,12,11,12,12,10,5,7,8,10,7
f1938_21,105,11,12,12,10,9,7,13,10,11,10
f1939_13,114,12,13,10,13,13,8,11,12,12,10
f1940_28,113,13,13,12,11,10,11,12,12,10,9
f1941_44,130,13,13,13,13,13,13,13,13,13,13
f1942_21,128,13,13,13,13,13,13,13,13,12,12
f1943_00,110,13,13,12,12,7,12,12,11,9,9
f1944_40,74,8,11,8,9,5,3,5,7,7,11
f1945_00,125,13,12,13,13,12,13,13,12,12,12
f1946_25,104,11,10,8,11,11,8,13,11,12,9
f1947_49,114,11,13,11,13,11,8,11,13,12,11
f1948_41,108,12,13,9,12,10,12,11,8,10,11
f1949_20,98,13,13,10,10,7,6,12,11,7,9
f1950_08,119,11,13,13,13,12,10,13,12,11,11
f1951_19,125,12,11,13,13,13,13,13,12,13,12
f1952_17,99,10,11,11,12,10,4,9,11,11,10
f1953_17,125,13,13,13,13,12,11,13,13,11,13
f1954_31,126,13,13,13,12,13,13,12,13,12,12
f1955_30,113,11,13,12,11,9,10,13,11,10,13
f1956_19,118,12,13,13,10,11,12,11,11,13,12
f1957_41,114,13,13,12,13,11,12,12,11,9,8
f1958_33,95,12,10,13,11,6,4,9,9,9,12
f1959_39,96,12,11,10,9,11,6,9,9,10,9
f1960_26,126,11,13,12,13,13,12,13,13,13,13
f1961_34,93,8,10,6,7,10,10,10,10,9,13
f1962_12,127,13,14,13,13,12,13,13,13,12,11
f1963_27,126,13,13,13,13,12,12,13,13,12,12
f1964_32,116,12,11,11,12,12,11,12,12,12,11
f1965_23,30,2,6,4,6,0,2,2,5,2,1
f1966_31,88,8,13,11,9,5,8,7,7,10,10
f1967_21,116,10,13,12,13,12,10,12,13,12,9
f1968_09,122,13,13,11,12,12,11,12,13,13,12
f1970_32,118,13,11,10,13,13,10,13,11,13,11
f1971_12,111,12,12,11,13,11,6,12,12,12,10
f1972_15,101,12,10,12,11,7,10,10,7,11,11
f1973_24,105,9,12,10,11,10,10,10,13,10,10
f1975_00,101,11,12,8,9,10,7,11,13,11,9
f1976_25,116,11,11,13,13,10,12,10,13,13,10
f1977_23,62,6,13,7,9,5,6,7,3,4,2
f1978_04,114,11,11,12,10,12,11,13,11,12,11
f1979_36,96,11,10,12,10,8,6,8,11,10,10
f1980_17,96,10,12,6,12,11,8,10,9,10,8
f1981_44,93,10,13,9,11,11,5,6,8,9,11
f1982_16,86,6,12,10,9,6,7,7,10,10,9
f1983_00,98,9,5,11,11,9,8,12,10,13,10
f1985_18,114,11,11,12,12,10,11,13,13,11,10
f1986_20,118,11,11,13,13,11,12,12,12,11,12
f1987_47,115,12,12,11,13,13,9,10,13,13,9
f1988_11,106,9,12,11,10,7,10,9,13,13,12
f1989_45,109,12,12,9,12,10,9,12,12,12,9
f1991_47,112,13,11,11,12,13,11,11,11,11,8
f1993_19,117,10,12,13,13,13,9,12,12,11,12
f1994_21,115,12,13,11,10,13,12,12,11,9,12
f1996_12,122,12,11,13,13,12,12,12,13,13,11
f1997_00,117,13,13,13,12,11,13,11,12,10,9
f1998_10,122,12,12,11,13,12,13,13,13,12,11
f1999_37,121,13,12,12,13,13,11,12,13,12,10
f2000_40,124,12,12,13,13,13,12,12,13,13,11
f2001_42,116,12,9,11,13,13,12,12,12,12,10
f2002_29,100,11,13,8,9,9,8,9,11,12,10
f2003_18,119,11,10,11,13,14,12,13,12,13,10
f2004_29,107,13,10,9,11,11,7,11,12,11,12
f2005_01,107,10,11,11,13,12,8,11,10,9,12
f2006_31,111,13,13,7,12,10,11,13,8,13,11
f2007_45,83,9,13,7,7,10,9,7,10,6,5
f2008_26,112,11,13,11,12,10,10,12,11,11,11
f2009_39,101,10,12,10,12,6,7,10,10,12,12
f2010_38,129,13,13,13,13,13,13,13,13,13,12
f2011_41,127,13,13,13,13,13,13,13,13,13,10
f2012_46,118,13,12,12,12,11,10,12,11,13,12
f2013_19,106,11,10,11,10,11,11,12,8,11,11
f2014_07,116,13,12,12,13,11,9,12,12,13,9
f2015_08,105,12,13,10,7,13,12,6,12,9,11
f2016_39,123,12,11,12,13,13,12,13,12,13,12
f2017_03,120,12,13,11,11,11,11,12,13,13,13
f2018_05,110,11,12,12,11,10,12,11,10,12,9
f2019_34,116,13,13,10,10,12,10,12,12,13,11
f2020_16,114,13,11,13,11,13,12,8,12,11,10
f2021_30,120,13,12,13,13,12,12,13,13,7,12
f2022_38,127,13,12,13,13,13,12,13,13,13,12
f2023_12,97,13,10,10,9,10,9,7,10,12,7
f2024_20,123,13,14,13,13,8,13,10,13,13,13
f2025_00,117,9,12,11,13,12,12,13,13,10,12
f2026_32,123,13,12,12,13,13,11,13,13,13,10
f2027_41,15,0,3,4,2,1,3,0,0,0,2
f2028_18,95,9,10,8,11,9,7,10,11,10,10
f2029_03,101,10,13,10,10,8,5,11,11,11,12
f2030_28,117,11,13,13,12,10,13,12,10,13,10
f2031_31,102,13,12,10,7,11,7,12,11,10,9
f2032_22,85,9,10,6,9,10,8,7,6,10,10
f2033_24,123,13,12,12,13,13,12,13,10,13,12
f2034_14,99,8,11,11,11,10,9,9,12,8,10
f2035_49,120,13,11,11,12,10,13,13,12,13,12
f2036_29,127,13,13,12,13,13,13,12,13,12,13
f2037_06,103,13,10,10,10,6,11,10,11,11,11
f2038_08,112,12,13,10,11,13,9,12,12,10,10
f2039_13,101,10,12,9,12,7,8,10,11,13,9
f2040_47,107,12,13,13,9,12,10,11,10,9,8
f2041_22,113,12,12,11,12,11,12,10,10,11,12
f2042_30,121,13,13,9,12,12,13,13,13,13,10
f2043_25,88,9,11,10,10,7,7,11,8,7,8
f2045_15,127,13,14,13,13,12,12,12,13,13,12
f2047_48,98,11,13,11,8,9,8,8,10,10,10
f2048_19,104,12,12,12,12,8,6,9,12,9,12
f2049_38,112,12,13,12,11,12,10,8,12,12,10
f2050_45,116,12,13,11,12,9,10,13,12,13,11
f2051_15,120,13,14,11,12,10,13,13,13,10,11
f2052_11,127,13,12,12,13,13,12,13,13,13,13
f2053_20,114,13,12,11,12,12,9,10,12,11,12
f2054_13,108,10,12,13,13,11,9,12,11,8,9
f2055_31,107,12,10,11,9,11,10,11,11,12,10
f2056_40,86,10,12,11,10,8,2,6,10,9,8
f2057_23,106,12,13,10,11,9,9,12,10,11,9
f2058_01,107,12,10,13,13,11,8,9,11,10,10
f2059_42,123,12,13,11,12,12,13,13,13,12,12
f2060_18,121,13,13,12,12,12,10,12,12,12,13
f2061_12,97,11,11,9,13,9,8,8,9,9,10
f2062_39,100,9,11,9,10,8,11,11,9,11,11
f2063_00,81,5,12,9,11,9,6,9,12,4,4
f2064_33,117,13,12,12,11,11,10,11,12,12,13
f2065_28,106,11,12,11,8,10,11,11,12,10,10
f2066_29,123,13,13,13,12,12,10,12,13,13,12
f2067_38,51,6,7,5,7,5,5,2,4,4,6
f2068_36,118,10,13,13,12,9,11,13,11,13,13
f2069_42,64,8,10,5,5,7,4,8,8,6,3
f2070_11,84,7,11,11,5,5,6,9,10,9,11
f2071_28,127,13,11,13,13,13,13,13,13,13,12
f2072_32,117,13,12,13,13,10,13,12,12,9,10
f2073_06,128,11,13,13,13,13,13,13,13,13,13
f2074_03,99,10,13,11,9,11,5,10,11,9,10
f2075_09,112,12,13,10,12,9,10,10,13,12,11
f2076_31,121,12,11,13,12,11,13,12,13,11,13
f2077_16,69,10,8,3,6,6,3,7,8,10,8
f2078_03,117,13,11,12,13,12,12,12,12,10,10
f2079_27,128,13,13,13,13,13,12,13,13,12,13
f2080_34,73,3,11,5,7,8,6,8,11,6,8
f2081_42,117,11,13,10,12,13,11,11,12,12,12
f2082_26,122,12,12,13,12,13,10,13,13,12,12
f2083_33,117,12,12,12,12,12,13,13,12,11,8
f2084_07,116,13,13,11,12,11,8,11,12,13,12
f2085_02,124,13,13,11,13,13,12,13,12,12,12
f2086_25,118,12,11,12,13,11,13,11,13,12,10
f2087_13,112,12,11,9,13,12,10,11,12,12,10
f2088_14,120,12,11,12,13,13,12,13,13,11,10
f2089_25,103,12,13,9,12,10,9,11,9,9,9
f2090_00,96,11,13,9,12,8,10,12,8,6,7
f2091_28,122,13,11,11,13,12,13,13,13,13,10
f2092_41,126,12,13,13,12,13,12,13,13,13,12
f2093_26,120,12,13,12,13,10,12,12,12,12,12
f2094_44,102,13,12,9,12,12,8,7,11,9,9
f2095_37,59,6,6,6,6,5,1,6,8,9,6
f2096_00,119,12,12,13,12,12,12,11,13,12,10
f2097_31,64,6,13,10,4,7,3,2,7,6,6
f2098_02,118,13,12,11,13,13,10,13,12,12,9
f2099_21,112,10,13,13,12,12,7,10,13,12,10
f2100_97,128,14,13,13,12,13,13,13,13,11,13
f2101_62,112,8,13,12,13,12,10,10,13,8,13
f2102_52,121,10,13,12,12,13,11,12,13,12,13
f2103_60,124,12,13,12,12,12,12,12,13,13,13
f2104_50,129,13,13,13,13,13,12,13,13,13,13
f2105_51,63,7,12,10,4,5,3,7,8,3,4
f2106_66,129,13,13,13,13,13,13,13,13,13,12
f2107_53,118,11,13,10,13,10,12,12,13,11,13
f2108_54,99,14,22,9,2,6,8,9,8,12,9
f2109_65,116,12,14,13,10,11,9,12,14,11,10
f2110_56,130,13,14,12,13,11,13,14,13,13,14
f2111_87,126,13,13,13,12,12,13,12,13,12,13
f2112_65,130,13,13,13,13,13,13,13,13,13,13
f2113_94,129,13,12,13,13,13,13,13,13,13,13
f2114_50,123,11,12,12,12,13,13,13,12,12,13
f2115_77,116,12,13,9,12,7,13,10,13,13,14
f2116_72,123,13,12,14,12,13,9,13,13,11,13
f2117_54,106,12,12,9,10,12,6,11,10,11,13
f2118_60,122,13,13,12,11,10,12,13,13,12,13
f2119_56,126,13,13,13,12,13,13,13,12,11,13
f2120_61,104,7,13,12,12,7,11,9,10,11,12
f2121_67,101,8,13,11,8,12,11,11,13,5,9
f2122_65,130,13,13,13,13,13,13,13,13,13,13
f2123_63,124,12,13,12,12,11,12,13,13,13,13
f2124_66,104,8,14,10,9,11,10,11,11,10,10
f2125_64,124,13,13,12,12,13,11,12,12,13,13
f2126_57,112,10,18,11,12,9,10,11,12,11,8
f2127_59,117,12,11,12,12,12,12,13,12,10,11
f2128_52,112,13,11,11,8,16,9,12,13,12,7
f2129_55,125,13,13,12,13,12,13,12,11,13,13
f2130_74,127,13,13,12,13,13,13,12,13,12,13
f2131_73,130,13,12,13,13,14,13,13,13,13,13
f2132_69,117,9,13,11,9,13,14,11,13,12,12
f2133_68,108,11,16,10,12,9,8,11,12,10,9
f2134_58,111,13,20,9,9,9,10,13,8,10,10
f2135_53,125,13,13,10,12,13,12,13,13,13,13
f2136_68,90,6,14,8,9,8,7,8,10,8,12
f2137_90,98,10,8,10,11,9,11,9,9,11,10
f2138_72,117,10,12,13,12,13,10,12,12,12,11
f2139_75,92,6,11,9,10,10,9,9,11,6,11
f2140_77,120,11,13,11,12,14,13,13,12,11,10
f2141_85,122,13,15,11,12,11,12,12,13,13,10
f2142_69,128,12,13,12,13,13,13,13,13,13,13
f2143_66,124,10,13,13,13,13,13,13,13,13,10
f2144_67,125,14,13,12,13,12,11,11,13,13,13
f2145_89,96,8,11,12,6,10,10,9,12,7,11
f2146_84,118,13,8,13,13,7,11,13,13,12,15
f2147_79,127,13,13,11,13,13,13,13,13,13,12
f2148_78,126,13,13,13,13,13,11,13,13,12,12
f2149_81,99,10,13,8,11,12,10,10,8,7,10
f2150_52,117,11,14,11,13,13,12,11,11,10,11
f2151_92,112,8,13,11,11,10,10,11,13,12,13
f2152_98,100,11,12,12,11,5,8,12,12,9,8
f2153_90,86,3,12,10,9,11,9,7,8,8,9
f2154_77,115,12,14,11,10,11,13,8,12,11,13
f2155_59,121,11,13,13,12,13,11,13,12,11,12
f2156_56,124,13,13,12,13,13,13,14,11,11,11
f2157_61,117,11,13,11,13,12,11,16,10,9,11
f2158_68,87,5,6,9,9,12,10,7,11,8,10
f2159_53,124,12,15,13,12,12,13,11,13,12,11
f2160_96,124,12,16,14,12,12,12,13,11,11,11
f2161_58,118,10,13,13,11,11,12,13,10,11,14
f2162_62,110,9,12,13,11,9,11,10,12,12,11
f2163_51,116,11,13,13,11,13,10,13,8,11,13
f2164_60,129,13,11,13,13,12,13,13,15,13,13
f2165_54,112,13,18,12,6,6,12,10,12,12,11
f2166_63,130,13,13,11,13,12,14,13,12,15,14
f2167_65,118,12,13,10,12,10,11,12,14,12,12
f2168_66,109,13,11,11,12,11,7,11,12,9,12
f2169_69,90,11,15,8,12,6,5,7,6,9,11
f2170_68,105,7,14,9,9,11,11,11,10,11,12
f2171_70,102,6,10,14,9,13,9,9,10,10,12
f2172_67,126,13,14,12,11,11,13,12,13,13,14
f2173_74,122,13,15,11,11,10,13,13,11,11,14
f2174_61,118,10,12,13,12,12,11,10,13,13,12
f2175_59,105,11,14,11,9,8,10,12,10,10,10
f2176_64,107,8,12,10,12,12,12,12,12,9,8
f2177_57,77,7,8,6,11,6,7,7,14,4,7
f2178_93,130,13,13,13,13,13,13,13,13,13,13
f2179_58,129,13,13,13,13,13,13,13,13,12,13
f2180_96,124,12,13,13,13,13,13,12,13,10,12
f2181_63,125,13,12,13,13,12,12,12,13,13,12
f2182_95,118,13,13,12,12,12,9,11,12,11,13
f2183_59,127,13,13,13,12,13,11,13,13,13,13
f2184_98,126,13,10,13,13,13,13,12,13,13,13
f2185_57,129,13,13,13,13,13,13,13,13,13,12
f2186_55,123,10,13,14,11,12,12,13,13,13,12
f2187_54,98,7,12,9,10,13,7,12,11,6,11
f2188_71,126,11,17,13,12,11,11,13,13,13,12
f2189_50,122,13,12,12,13,13,8,13,13,13,12
f2190_52,127,12,13,13,12,13,13,12,13,13,13
f2191_53,129,13,16,13,13,10,13,14,12,13,12
f2192_56,115,10,13,11,13,13,11,11,12,9,12
f2193_99,126,12,13,13,13,11,12,14,13,12,13
f2194_63,124,13,11,13,13,13,10,13,13,13,12
f2195_64,118,11,12,9,13,13,13,11,13,12,11
f2196_58,111,13,15,11,8,12,6,11,10,13,12
f2197_62,97,7,14,7,12,9,11,12,10,11,4
f2198_58,127,11,13,12,14,13,13,13,13,12,13
f2199_64,90,11,13,9,14,12,0,8,6,5,12
f2200_55,120,11,13,13,12,13,13,11,13,11,10
f2201_80,123,10,14,12,12,12,12,12,13,13,13
f2202_76,90,8,14,8,9,9,11,8,9,6,8
f2203_77,118,12,12,11,13,12,11,12,13,10,12
f2204_78,127,13,13,13,13,13,11,13,13,13,12
f2205_74,108,7,16,13,9,11,12,11,8,10,11
f2206_73,100,8,13,10,10,9,9,10,10,12,9
f2207_75,103,8,18,13,10,11,10,6,11,9,7
f2208_81,114,9,9,13,11,12,9,13,13,13,12
f2209_79,120,13,15,12,12,10,13,12,13,10,10
f2210_96,125,12,16,13,12,9,14,13,12,12,12
f2211_73,118,12,13,12,12,11,13,13,12,9,11
f2212_74,117,11,14,11,9,11,11,13,13,12,12
f2213_72,130,13,15,13,14,10,12,15,13,13,12
f2214_70,130,13,13,13,13,12,13,13,13,13,14
f2215_69,97,6,13,10,6,8,11,10,12,13,8
f2216_66,125,12,13,13,13,12,11,13,13,12,13
f2217_71,130,13,13,13,13,13,13,13,13,13,13
f2218_51,115,11,13,13,11,13,10,10,12,10,12
f2219_62,112,7,13,8,10,13,13,13,12,10,13
f2220_72,115,12,15,12,7,14,10,10,13,10,12
f2221_70,122,12,16,13,11,12,13,8,14,10,13
f2222_84,115,11,12,11,10,13,9,12,12,12,13
f2223_83,126,13,13,12,13,13,13,12,12,13,12
f2224_82,128,13,13,13,13,13,12,13,13,13,12
f2225_86,81,6,13,9,7,9,6,8,11,5,7
f2226_85,130,13,13,13,13,13,13,13,13,13,13
f2227_89,111,12,12,11,11,11,12,12,9,11,10
f2228_87,124,13,13,12,13,13,11,13,13,12,11
f2229_88,109,8,12,12,12,10,12,10,12,11,10
f2230_67,105,10,10,11,7,13,10,12,12,7,13
f2231_55,119,12,13,12,12,12,13,13,10,12,10
f2232_76,89,6,12,14,5,11,4,9,9,9,10
f2233_79,121,10,13,13,12,12,11,13,13,12,12
f2234_78,126,13,8,13,13,12,11,13,17,13,13
f2235_81,125,9,14,12,13,11,13,13,13,13,14
f2236_83,103,10,12,12,10,10,7,11,11,7,13
f2237_82,126,11,13,13,13,13,13,13,13,12,12
f2238_86,117,10,13,11,12,13,11,11,13,12,11
f2239_84,116,11,13,11,8,12,10,12,13,13,13
f2240_80,125,11,13,12,12,13,12,13,13,13,13
f2241_88,118,9,13,10,13,13,12,13,11,11,13
f2242_91,127,12,15,11,13,10,13,13,14,13,13
f2243_87,110,11,14,10,13,11,9,10,11,9,12
f2244_94,119,13,7,13,12,10,12,12,12,13,15
f2245_95,124,11,15,13,11,11,11,15,12,13,12
f2246_93,116,11,13,9,13,10,11,11,13,12,13
f2247_97,101,6,14,10,7,13,11,9,12,12,7
f2248_68,97,10,5,11,12,12,5,10,10,12,10
f2249_75,98,7,18,12,8,8,7,10,9,13,6
f2250_52,118,11,14,12,10,12,12,10,13,13,11
f2251_74,97,9,12,11,9,7,10,11,12,7,9
f2252_75,119,13,14,10,13,12,8,13,12,11,13
f2253_73,123,13,11,14,12,11,13,14,12,10,13
f2254_72,101,10,15,10,12,10,10,9,10,8,7
f2255_70,130,13,13,13,13,12,13,13,14,13,13
f2256_71,114,13,12,11,10,12,12,12,10,11,11
f2257_69,118,13,13,10,11,11,9,13,13,12,13
f2258_85,130,13,13,13,13,13,13,13,13,13,13
f2259_68,117,9,15,10,14,11,10,12,12,13,11
f2260_57,107,10,13,11,12,9,12,8,11,11,10
f2261_76,122,13,14,13,13,10,13,13,12,9,12
f2262_83,115,10,13,13,10,12,11,11,13,10,12
f2263_79,128,12,13,13,12,13,13,13,13,13,13
f2264_82,123,12,13,13,12,13,11,13,12,13,11
f2265_80,115,9,14,11,12,10,12,11,12,13,11
f2266_81,113,10,13,11,12,11,10,12,11,13,10
f2267_78,103,11,13,11,9,11,7,10,10,9,12
f2268_88,131,15,13,13,13,13,13,13,13,12,13
f2269_89,121,13,13,10,11,13,12,12,12,12,13
f2270_87,109,7,15,10,11,11,9,13,11,9,13
f2271_86,105,9,13,10,9,11,8,11,12,11,11
f2272_85,121,12,13,13,14,13,12,13,11,8,12
f2273_84,126,11,14,13,12,13,11,13,13,13,13
f2274_95,117,13,12,13,13,10,13,12,13,9,9
f2275_90,116,9,13,12,13,13,10,10,12,12,12
f2276_91,117,13,13,12,12,12,10,11,12,11,11
f2277_92,123,8,17,12,13,13,12,11,14,11,12
f2278_93,91,9,10,7,8,11,8,9,10,8,11
f2279_94,130,13,13,13,13,14,13,13,13,13,12
f2280_57,118,9,13,11,13,13,9,12,13,13,12
f2281_52,130,13,13,13,13,13,13,13,13,13,13
f2282_53,107,11,12,11,9,12,6,11,14,11,10
f2283_59,121,13,12,11,13,11,12,11,13,12,13
f2284_51,125,11,14,12,13,13,12,13,13,12,12
f2285_54,119,13,13,11,12,10,12,13,14,9,12
f2286_50,111,8,13,10,11,12,10,10,12,12,13
f2287_60,125,9,18,13,12,8,12,13,14,13,13
f2288_58,111,9,13,13,13,12,9,10,10,12,10
f2289_62,126,12,15,13,11,14,13,14,13,12,9
f2290_64,128,13,13,12,13,13,12,13,13,13,13
f2291_65,130,13,13,13,13,13,13,13,13,13,13
f2292_70,124,11,10,13,12,13,13,13,13,13,13
f2293_68,116,8,13,9,12,11,13,11,13,13,13
f2294_71,125,11,13,12,13,12,13,12,13,13,13
f2295_67,96,6,16,9,11,11,7,7,12,8,9
f2296_73,120,9,13,13,12,13,12,11,13,11,13
f2297_69,119,13,2,11,13,8,12,9,23,13,15
f2298_74,125,13,11,13,13,12,12,13,13,12,13
f2299_91,119,13,13,11,12,9,12,12,11,13,13
f2300_52,112,12,13,10,12,11,13,12,13,8,8
f2301_65,124,11,13,13,13,13,11,12,13,12,13
f2302_58,111,7,13,12,11,10,10,12,13,11,12
f2303_66,130,12,13,13,13,13,13,14,13,13,13
f2304_67,104,12,10,10,7,12,12,11,11,10,9
f2305_60,130,13,13,13,13,13,13,13,13,13,13
f2306_63,119,10,14,13,13,13,10,10,12,12,12
f2307_62,105,10,12,9,10,10,9,11,14,10,10
f2308_56,128,12,13,13,13,13,13,12,13,13,13
f2309_54,91,9,13,8,9,10,7,8,11,5,11
f2310_51,110,11,15,9,12,11,11,8,13,10,10
f2311_61,124,10,14,13,13,11,11,13,13,13,13
f2312_87,115,9,13,13,14,12,8,11,14,11,10
f2313_55,123,12,12,13,12,12,11,14,12,12,13
f2314_53,117,11,14,13,11,12,10,8,13,13,12
f2315_59,122,13,12,12,11,13,12,13,13,11,12
f2316_50,110,12,12,9,11,11,9,11,12,11,12
f2317_76,114,10,17,13,12,11,8,12,12,10,9
f2318_78,116,10,13,11,13,11,9,12,12,12,13
f2319_77,122,11,16,12,12,10,12,15,11,13,10
f2320_75,122,9,13,13,13,12,12,12,13,12,13
f2321_84,116,10,13,9,13,13,9,12,14,11,12
f2322_80,130,13,13,13,13,13,13,13,13,13,13
f2323_81,124,10,13,13,12,13,13,13,13,12,12
f2324_84,121,11,13,13,11,12,11,13,13,12,12
f2325_86,120,10,11,12,13,12,12,13,12,13,12
f2326_83,130,13,14,13,13,12,13,13,13,13,13
f2327_90,113,12,13,13,12,12,10,9,10,11,11
f2328_92,116,9,14,12,11,12,12,12,13,10,11
f2329_94,79,5,13,7,8,12,8,6,7,6,7
f2330_95,112,8,19,12,11,10,11,10,11,12,8
f2331_93,91,8,13,11,8,10,7,6,13,7,8
f2332_97,126,13,13,12,12,13,13,12,12,12,14
f2333_98,122,12,20,14,10,10,13,13,12,10,8
f2334_99,113,11,12,10,13,11,10,12,11,9,14
f2335_52,128,13,13,13,13,14,13,13,13,12,11
f2336_99,127,12,14,12,13,12,13,13,13,13,12
f2337_71,119,12,15,13,12,11,10,10,13,10,13
f2338_70,107,10,16,12,10,11,12,8,10,6,12
f2339_76,127,12,14,13,12,12,12,13,13,13,13
f2340_80,130,13,13,13,13,13,13,13,13,13,13
f2341_65,128,13,13,11,13,13,13,13,13,13,13
f2342_82,119,12,13,11,13,12,10,12,13,11,12
f2343_83,128,13,11,13,13,13,12,14,14,13,12
f2344_86,66,7,11,5,5,4,5,3,11,6,9
f2345_87,126,12,13,13,12,13,12,13,13,12,13
f2346_88,116,10,13,11,11,11,13,11,10,13,13
f2347_58,111,7,13,12,11,12,11,13,12,8,12
f2348_56,122,11,12,13,13,12,12,10,13,13,13
f2349_78,90,8,13,10,12,9,3,7,12,6,10
f2350_98,119,10,15,13,12,10,12,12,12,11,12
f2351_74,127,13,13,11,14,12,12,13,13,13,13
f2352_97,115,11,14,12,11,7,11,10,13,10,16
f2353_70,127,11,16,11,13,10,13,14,14,13,12
f2354_87,125,10,14,13,13,13,11,13,14,13,11
f2355_85,125,12,13,13,12,12,13,12,13,13,12
f2356_86,120,11,13,12,13,12,12,13,12,10,12
f2357_70,116,8,13,13,13,11,12,11,12,12,11
f2358_71,124,10,13,12,13,12,13,13,13,12,13
f2359_72,114,9,13,13,11,13,9,12,12,9,13
f2360_75,119,12,10,13,13,12,9,13,14,13,10
f2361_74,123,10,15,15,11,13,11,11,13,12,12
f2362_73,109,11,12,11,13,9,12,11,11,10,9
f2363_77,123,12,13,9,12,13,13,12,16,11,12
f2364_65,106,11,13,8,10,11,10,12,13,9,9
f2365_62,121,9,16,13,13,10,11,12,12,13,12
f2366_64,105,11,13,13,10,11,5,12,11,8,11
f2367_63,103,11,13,12,10,10,8,7,13,10,9
f2368_50,125,12,13,13,11,12,12,13,13,13,13
f2369_56,126,13,13,13,13,10,13,12,13,13,13
f2370_67,125,13,14,11,13,12,12,13,13,13,11
f2371_68,120,13,13,12,12,10,13,12,12,12,11
f2372_55,116,13,13,13,10,13,10,7,13,11,13
f2373_53,107,11,13,9,12,12,9,11,10,9,11
f2374_59,128,13,13,13,13,13,12,12,13,13,13
f2375_61,127,12,13,13,11,13,13,13,13,13,13
f2376_57,129,13,13,13,13,13,13,12,13,13,13
f2377_66,124,11,10,14,13,13,13,14,11,13,12
f2378_69,123,13,13,13,11,12,11,13,13,11,13
f2379_68,114,11,12,12,11,12,8,11,12,12,13
f2380_76,119,12,13,11,11,13,11,12,13,10,13
f2381_54,107,10,15,15,11,3,12,13,12,13,3
f2382_52,130,13,13,13,13,13,13,13,13,13,13
f2383_60,125,12,17,16,10,9,12,11,12,13,13
f2384_51,114,9,12,13,13,13,12,13,9,11,9
f2385_83,112,12,11,13,13,10,9,13,10,8,13
f2386_82,124,12,13,12,12,13,13,11,12,13,13
f2387_81,118,10,13,10,12,12,11,13,13,12,12
f2388_79,122,12,13,11,12,13,12,12,12,12,13
f2389_86,122,11,13,11,13,13,13,12,13,11,12
f2390_87,110,11,11,9,10,8,12,11,13,13,12
f2391_85,123,12,13,13,12,13,10,12,13,13,12
f2392_80,127,13,15,13,13,12,10,14,13,12,12
f2393_90,126,12,14,12,13,12,13,12,13,13,12
f2394_84,126,13,13,12,13,13,12,11,13,13,13
f2395_78,115,12,12,11,13,12,9,13,13,11,9
f2396_91,122,11,13,11,13,11,12,13,12,13,13
f2397_92,121,12,13,12,12,9,12,11,14,12,14
f2398_51,120,13,12,13,10,11,10,13,12,13,13
f2399_85,117,10,24,13,10,7,8,12,13,11,9
f2400_61,95,9,11,11,8,9,8,11,11,7,10
f2401_78,125,12,13,13,10,13,13,13,13,13,12
f2402_75,130,13,13,13,13,13,13,13,13,13,13
f2403_71,111,12,8,13,11,12,8,11,12,12,12
f2404_70,120,13,13,13,13,8,12,10,12,13,13
f2405_90,118,12,18,17,9,8,8,12,10,13,11
f2406_72,134,16,16,12,13,13,13,12,13,13,13
f2407_74,120,10,13,13,13,13,13,12,11,11,11
f2408_73,119,11,13,13,10,13,11,10,13,12,13
f2409_51,125,12,13,13,13,12,12,13,11,13,13
f2410_85,116,10,11,12,10,12,11,13,13,11,13
f2411_88,122,12,14,13,10,13,11,12,13,13,11
f2412_86,123,12,14,14,13,12,10,13,13,10,12
f2413_87,126,10,13,13,13,13,13,13,13,13,12
f2414_89,130,13,13,13,13,13,13,13,13,13,13
f2415_79,110,12,13,11,12,10,9,12,12,10,9
f2416_80,116,11,13,13,10,13,11,12,13,9,11
f2417_81,123,12,12,12,13,12,13,13,13,12,11
f2418_82,120,11,13,13,13,11,10,13,13,12,11
f2419_83,124,12,14,12,12,13,12,12,12,12,13
f2420_84,130,13,13,12,13,14,13,12,14,13,13
f2421_86,75,7,16,9,6,5,5,7,7,5,8
f2422_85,102,10,9,13,8,14,8,12,10,10,8
f2423_88,126,13,15,13,12,13,13,13,13,11,10
f2424_90,118,11,13,13,12,13,12,11,12,10,11
f2425_91,128,13,14,13,13,12,12,13,12,13,13
f2426_87,105,10,13,12,12,5,7,10,11,13,12
f2427_89,120,12,14,13,10,13,11,10,13,11,13
f2428_96,124,13,13,11,11,13,13,11,13,13,13
f2429_95,126,12,13,13,13,13,12,13,13,11,13
f2430_92,126,11,13,13,13,13,12,12,13,13,13
f2431_93,103,9,12,13,8,12,5,12,13,12,7
f2432_94,127,11,13,13,13,13,13,12,13,13,13
f2433_75,117,9,13,12,12,11,11,12,12,13,12
f2434_59,114,10,13,12,9,12,11,12,12,11,12
f2435_57,110,6,14,11,10,12,10,13,13,11,10
f2436_53,109,10,14,8,11,11,10,11,13,10,11
f2437_50,120,12,14,12,13,12,12,11,11,12,11
f2438_76,116,13,13,4,13,15,13,11,12,14,8
f2439_77,100,9,17,10,7,10,6,8,13,7,13
f2440_79,111,11,9,10,12,13,10,13,8,12,13
f2441_83,108,11,22,9,12,6,4,6,14,12,12
f2442_81,119,12,13,13,13,13,7,11,12,13,12
f2443_80,70,3,23,11,5,5,1,6,6,6,4
f2444_84,118,13,12,11,11,8,12,12,14,12,13
f2445_82,118,10,15,12,13,11,10,11,12,13,11
f2446_88,129,13,13,13,13,13,13,13,13,13,12
f2447_93,119,12,13,13,12,9,12,11,13,12,12
f2448_94,128,14,14,12,13,12,13,12,12,13,13
f2449_96,90,7,11,10,7,10,8,9,10,10,8
f2450_56,116,12,13,12,12,8,12,11,13,10,13
f2451_68,118,11,13,11,13,11,12,13,13,11,10
f2452_69,107,7,13,11,13,12,12,12,10,8,9
f2453_70,122,11,12,10,13,13,12,13,13,13,12
f2454_73,127,13,13,13,12,12,12,13,13,13,13
f2455_72,124,12,14,13,12,12,10,14,14,12,11
f2456_71,105,10,13,9,12,10,11,11,12,8,9
f2457_97,128,13,13,13,13,13,13,12,13,12,13
f2458_53,124,12,13,13,13,13,12,13,11,11,13
f2459_55,122,10,16,13,13,12,12,11,13,12,10
f2460_52,118,10,15,12,13,11,11,13,10,11,12
f2461_99,123,12,13,13,10,11,13,13,13,11,14
f2462_98,124,12,12,13,11,12,12,13,13,13,13
f2463_79,114,11,13,11,13,11,11,13,10,10,11
f2464_74,111,10,12,10,13,12,10,12,10,12,10
f2465_75,130,13,13,13,13,13,13,13,13,13,13
f2466_76,119,11,13,12,12,12,12,13,13,11,10
f2467_77,126,13,13,13,13,11,12,13,12,13,13
f2468_78,123,13,14,13,13,12,11,12,13,11,11
f2469_50,122,10,13,12,12,12,13,13,11,12,14
f2470_80,130,13,13,13,13,17,13,13,13,9,13
f2471_82,122,12,13,9,13,13,12,13,13,11,13
f2472_83,103,10,12,10,9,10,6,11,14,11,10
f2473_81,130,13,13,13,13,13,13,13,13,13,13
f2474_84,130,13,13,13,13,13,13,13,13,13,13
f2475_66,120,12,13,11,13,12,13,12,13,11,10
f2476_67,128,12,13,14,11,13,13,13,13,13,13
f2477_69,131,13,14,14,13,12,13,13,13,13,13
f2478_68,94,8,12,7,9,11,4,11,12,8,12
f2479_65,125,11,17,13,12,10,13,12,14,13,10
f2480_61,104,9,13,11,12,12,9,9,12,10,7
f2481_58,125,12,13,13,12,13,12,13,12,13,12
f2482_62,121,10,14,13,12,12,13,11,12,13,11
f2483_64,121,9,13,11,13,13,11,13,13,14,11
f2484_76,124,13,14,13,12,13,13,13,13,9,11
f2485_77,126,12,13,11,13,13,13,12,13,13,13
f2486_95,101,9,11,11,7,8,12,10,12,11,10
f2487_92,86,9,11,8,5,10,8,8,8,10,9
f2488_90,116,10,13,13,13,12,6,11,13,13,12
f2489_89,98,10,13,11,8,6,9,11,9,9,12
f2490_91,118,12,14,12,11,13,9,11,11,12,13
f2491_71,99,9,13,11,12,11,8,9,12,6,8
f2492_72,117,11,13,12,13,13,10,13,11,10,11
f2493_99,121,12,14,12,13,12,12,12,13,11,10
f2494_73,125,13,17,13,10,12,13,13,13,10,11
f2495_59,125,13,13,13,13,13,10,12,13,12,13
f2496_56,124,10,14,13,12,12,11,13,13,13,13
f2497_54,128,12,13,13,13,13,13,13,12,13,13
f2498_75,124,13,12,12,13,13,12,13,11,13,12
f2499_74,109,12,14,11,5,11,9,11,12,11,13
f2500_50,107,6,13,9,12,11,10,11,14,13,8
f2501_53,128,13,13,13,13,13,12,13,14,12,12
f2502_59,115,12,14,12,13,12,10,12,11,11,8
f2503_57,122,11,15,13,13,14,11,13,11,11,10
f2504_69,64,5,14,6,5,6,2,4,10,3,9
f2505_79,107,8,14,12,9,11,8,12,11,12,10
f2506_77,110,11,25,8,11,4,13,10,11,7,10
f2507_78,119,10,13,12,12,11,11,12,13,13,12
f2508_71,124,12,12,13,13,13,13,12,12,12,12
f2509_53,122,16,13,9,13,11,13,10,12,12,13
f2510_55,124,10,14,13,13,11,13,11,13,13,13
f2511_52,128,13,13,12,13,13,12,12,14,13,13
f2512_54,124,12,13,13,13,13,12,12,13,10,13
f2513_56,130,13,14,13,13,9,13,14,15,13,13
f2514_50,126,13,14,11,13,13,12,12,13,12,13
f2515_57,124,12,13,12,13,13,12,14,13,12,10
f2516_59,119,12,5,13,12,11,11,13,16,13,13
f2517_63,123,13,15,13,13,10,11,13,10,13,12
f2518_67,124,13,13,13,11,12,13,11,12,13,13
f2519_67,124,11,14,10,12,13,13,12,13,13,13
f2520_64,128,13,14,13,12,12,12,13,13,13,13
f2521_66,117,13,21,12,13,4,11,11,12,11,9
f2522_61,126,13,13,10,13,12,13,13,13,13,13
f2523_65,123,12,14,12,12,12,12,12,13,13,11
f2524_58,91,6,12,12,9,4,10,8,12,10,8
f2525_62,123,13,9,13,13,14,12,13,11,13,12
f2526_71,121,13,13,10,13,11,11,13,13,11,13
f2527_72,127,12,13,13,13,13,13,12,13,12,13
f2528_69,120,8,13,12,13,13,13,10,13,12,13
f2529_70,121,9,13,12,13,13,13,11,13,13,11
f2530_91,128,12,19,14,12,7,13,13,13,12,13
f2531_92,121,11,13,12,10,12,12,13,12,13,13
f2532_93,130,13,13,13,13,13,13,13,13,13,13
f2533_94,115,9,29,12,10,3,10,12,10,13,7
f2534_96,126,13,13,13,13,10,13,13,13,13,12
f2535_60,120,12,13,12,11,10,12,13,12,12,13
f2536_59,127,12,13,13,13,13,13,12,12,13,13
f2537_57,125,13,16,13,13,10,8,13,13,13,13
f2538_60,130,13,13,13,13,13,13,13,13,13,13
f2539_96,120,11,13,10,12,13,12,12,11,13,13
f2540_95,130,13,13,13,13,12,13,13,13,13,14
f2541_99,126,13,13,12,13,14,13,11,14,12,11
f2542_55,119,13,16,13,12,13,12,12,10,9,9
f2543_98,123,13,13,12,12,12,13,12,12,11,13
f2544_53,118,11,15,9,12,7,13,12,15,11,13
f2545_52,120,13,12,13,11,11,10,12,13,12,13
f2546_62,119,10,19,10,10,6,13,13,13,12,13
f2547_96,127,12,17,13,13,10,13,13,12,12,12
f2548_84,124,12,17,14,13,10,13,13,8,12,12
f2549_82,89,9,13,5,9,7,5,13,12,9,7
f2550_79,112,9,12,12,11,12,13,10,8,11,14
f2551_80,125,12,12,12,13,13,12,13,13,12,13
f2552_82,115,12,12,11,13,11,12,11,10,11,12
f2553_92,98,10,12,7,9,10,9,10,11,9,11
f2554_55,115,11,13,11,12,12,11,10,11,13,11
f2555_88,128,12,13,14,13,13,13,13,12,13,12
f2556_97,113,8,12,10,12,13,11,13,12,11,11
f2557_98,125,13,14,12,12,13,10,11,14,13,13
f2558_96,108,8,14,11,13,12,10,12,13,7,8
f2559_95,82,6,21,10,6,4,9,5,5,7,9
f2560_93,118,9,17,12,12,13,10,9,13,12,11
f2561_89,130,13,13,13,13,13,13,13,13,13,13
f2562_90,126,12,13,13,12,13,11,13,13,13,13
f2563_91,119,12,12,12,13,11,11,11,13,11,13
f2564_59,104,15,11,10,12,12,9,10,13,10,2
f2565_57,109,10,9,10,13,11,11,13,8,12,12
f2566_51,128,12,13,14,13,11,12,14,13,13,13
f2567_60,115,13,13,9,13,13,11,11,12,9,11
f2568_54,126,13,13,12,12,13,13,11,13,13,13
f2569_58,127,13,13,13,13,13,12,11,13,13,13
f2570_52,127,13,13,13,13,12,12,12,13,13,13
f2571_62,120,11,13,10,13,12,13,13,11,12,12
f2572_63,124,12,13,12,12,12,10,14,13,13,13
f2573_61,128,13,13,11,13,13,13,13,13,13,13
f2574_64,119,11,12,13,12,13,11,13,12,10,12
f2575_67,97,8,13,10,6,11,9,10,10,11,9
f2576_66,126,12,16,13,13,13,12,12,12,12,11
f2577_65,128,13,13,13,13,13,11,13,13,13,13
f2578_68,127,10,14,13,12,13,13,13,13,13,13
f2579_76,126,11,13,13,12,13,13,13,13,13,12
f2580_69,122,10,10,12,13,12,13,13,14,13,12
f2581_72,130,13,13,13,13,14,13,13,13,13,12
f2582_70,123,13,14,13,13,8,11,12,13,13,13
f2583_71,95,9,17,9,8,8,12,6,9,8,9
f2584_73,130,13,13,13,13,13,13,13,13,13,13
f2585_74,118,13,13,10,11,10,11,13,13,12,12
f2586_75,124,10,14,13,13,11,11,13,13,13,13
f2587_73,119,12,13,11,11,13,11,12,12,12,12
f2588_72,114,9,12,13,12,13,9,11,10,12,13
f2589_78,92,11,14,10,9,8,3,10,10,8,9
f2590_60,116,13,13,13,9,12,13,9,11,13,10
f2591_70,130,13,13,13,13,13,13,13,13,13,13
f2592_71,97,10,13,8,9,11,8,9,8,10,11
f2593_72,116,9,17,11,10,11,12,11,13,12,10
f2594_90,129,13,15,13,13,11,13,12,13,13,13
f2595_89,125,13,13,13,13,13,12,13,12,11,12
f2596_86,126,12,15,13,13,11,13,12,17,10,10
f2597_88,119,11,7,13,14,12,11,12,13,12,14
f2598_92,104,9,19,13,9,8,11,12,9,6,8
f2599_91,97,10,12,12,9,8,11,9,10,5,11
f3100_44,121,10,14,11,13,13,11,13,12,11,13
f3101_07,126,12,13,14,12,12,13,11,14,12,13
f3102_36,126,13,14,13,10,13,14,13,12,12,12
f3103_38,130,13,13,13,13,13,13,13,13,13,13
f3104_25,116,9,15,12,12,12,9,13,12,12,10
f3105_03,114,8,14,11,13,7,11,11,15,12,12
f3106_05,128,13,14,13,12,13,12,13,12,12,14
f3107_16,122,13,13,12,12,13,12,13,11,12,11
f3108_34,128,13,13,13,13,13,13,13,13,12,12
f3109_30,124,13,13,13,13,13,12,12,13,11,11
f3110_25,130,13,13,13,13,13,13,13,13,13,13
f3111_05,129,13,13,13,13,13,13,12,13,13,13
f3112_45,111,12,13,12,12,12,8,13,12,8,9
f3113_40,117,13,15,11,12,12,9,10,12,11,12
f3114_13,114,12,12,11,13,10,11,12,12,10,11
f3115_25,122,10,13,11,13,14,12,13,13,12,11
f3116_03,111,7,14,12,10,12,11,11,13,11,10
f3117_11,130,13,13,13,14,13,12,13,13,13,13
f3118_09,129,13,13,13,13,13,13,13,13,13,12
f3119_39,113,10,13,13,13,14,8,11,11,9,11
f3120_04,124,12,15,13,12,13,10,11,12,13,13
f3121_43,119,8,12,12,12,14,11,11,13,13,13
f3122_40,123,13,15,12,12,12,11,13,13,11,11
f3123_42,130,13,13,13,13,13,13,13,13,13,13
f3124_21,128,13,13,12,14,13,12,13,13,12,13
f3125_02,117,12,13,12,13,12,9,11,15,11,9
f3126_20,128,13,13,13,14,13,11,13,12,13,13
f3127_16,128,12,13,13,13,13,13,13,13,12,13
f3128_15,128,13,13,12,12,13,13,13,13,13,13
f3129_16,112,11,14,11,9,12,10,8,12,13,12
f3130_44,124,13,13,13,13,9,13,13,13,12,12
f3131_11,120,11,13,11,12,13,11,11,13,12,13
f3132_12,126,13,13,13,12,13,11,13,13,12,13
f3133_33,130,13,13,13,13,12,13,13,13,13,14
f3134_27,126,13,13,13,13,11,12,13,13,13,12
f3135_37,131,12,19,12,13,11,14,13,14,13,10
f3136_07,130,13,13,13,13,13,13,13,13,13,13
f3137_47,128,14,13,12,13,13,12,12,13,13,13
f3138_46,128,13,13,13,13,12,13,13,13,12,13
f3139_09,124,12,13,13,11,13,12,12,13,13,12
f3140_49,122,12,13,13,10,13,10,13,13,13,12
f3141_36,124,10,13,13,13,13,13,13,13,12,11
f3142_38,128,12,13,13,13,13,13,12,13,13,13
f3143_04,129,13,13,13,12,13,14,13,13,13,12
f3144_39,128,13,13,12,12,13,13,13,13,13,13
f3145_38,128,13,14,13,13,13,11,13,13,13,12
f3146_14,113,12,12,11,11,10,7,12,12,13,13
f3147_41,128,13,13,13,13,13,12,13,13,13,12
f3148_21,119,11,13,10,13,12,10,12,13,12,13
f3149_41,104,7,13,12,8,9,12,9,13,10,11
f3150_21,128,12,13,12,12,13,14,13,13,13,13
f3151_13,119,13,20,9,7,11,12,8,13,12,14
f3152_47,128,13,13,13,13,13,12,13,13,12,13
f3153_49,127,13,14,13,11,13,13,13,12,13,12
f3154_48,119,11,13,13,13,12,10,10,12,12,13
f3155_15,128,13,13,12,13,13,13,13,13,13,12
f3156_26,130,12,21,12,12,5,16,13,13,13,13
f3157_23,119,10,13,13,12,12,12,12,12,12,11
f3158_03,125,12,15,13,11,13,11,11,14,12,13
f3159_16,126,13,13,13,11,12,12,13,14,12,13
f3160_19,123,10,13,13,11,13,11,13,13,13,13
f3161_02,124,11,13,11,13,11,13,13,13,13,13
f3162_20,130,13,13,13,13,13,13,13,13,13,13
f3163_24,130,13,14,13,13,13,13,13,13,12,13
f3164_09,128,13,13,13,13,13,14,12,12,13,12
f3165_11,131,15,15,13,13,12,13,13,13,13,11
f3166_12,121,13,13,7,12,13,12,12,13,13,13
f3167_45,112,10,13,12,13,9,10,13,13,10,9
f3168_20,126,13,12,13,12,13,13,13,11,13,13
f3169_14,130,13,13,13,13,13,13,13,13,13,13
f3170_08,123,11,13,11,13,13,12,13,13,11,13
f3171_30,128,12,16,12,12,13,13,12,13,13,12
f3172_42,104,12,12,7,8,11,8,11,13,11,11
f3173_48,119,11,13,12,13,13,13,12,12,8,12
f3175_03,107,13,12,10,11,12,11,10,10,6,12
f3176_15,120,13,13,11,12,13,12,12,12,10,12
f3177_03,128,13,13,12,13,13,12,13,13,13,13
f3178_23,122,14,13,12,11,13,11,10,14,12,12
f3179_39,116,8,13,12,12,12,12,12,12,11,12
f3180_41,92,7,17,12,6,9,4,8,13,7,9
f3181_10,109,11,10,11,13,12,5,12,13,11,11
f3182_40,114,12,14,11,10,9,12,10,13,11,12
f3183_15,128,13,13,14,12,12,12,13,13,13,13
f3184_11,126,13,13,11,13,13,12,12,13,13,13
f3185_38,126,12,13,13,13,11,13,12,13,13,13
f3186_24,120,13,13,13,13,13,10,10,11,12,12
f3187_33,126,13,15,13,12,12,12,13,12,12,12
f3188_47,120,12,14,11,11,12,12,13,11,13,11
f3189_40,116,12,12,10,11,12,10,12,13,11,13
f3190_08,121,11,15,12,11,12,13,13,13,10,11
f3191_43,117,14,15,13,12,13,7,8,13,12,10
f3192_37,126,13,13,12,12,13,14,13,13,11,12
f3193_08,130,13,14,13,13,13,13,13,13,12,13
f3194_31,130,13,13,13,13,13,13,13,13,13,13
f3195_04,119,11,8,13,12,13,11,13,14,13,11
f3196_35,130,13,13,13,13,13,13,13,13,13,13
f3197_34,127,12,13,13,13,12,13,12,12,14,13
f3198_32,128,13,13,13,13,13,13,13,13,12,12
f3199_08,130,13,13,13,13,13,13,13,13,13,13
f3200_41,124,13,14,13,12,12,13,13,12,10,12
f3201_07,120,9,15,11,11,13,12,11,14,11,13
f3202_01,112,10,12,9,10,9,11,13,13,12,13
f3203_10,126,13,13,12,11,13,11,13,14,13,13
f3204_15,115,12,13,8,10,13,11,12,13,12,11
f3205_40,120,13,13,11,13,12,11,12,13,9,13
f3206_45,118,9,13,12,12,9,11,13,13,13,13
f3207_05,124,13,13,11,14,13,10,12,13,12,13
f3208_06,119,11,13,13,12,10,10,11,13,13,13
f3209_08,130,13,13,13,15,13,13,13,13,12,12
f3210_22,130,13,13,13,13,13,13,13,13,13,13
f3211_20,122,10,15,14,13,16,9,10,13,9,13
f3212_36,130,14,15,13,15,10,10,14,13,13,13
f3213_04,130,14,13,13,13,13,13,13,13,12,13
f3214_03,127,12,13,13,13,13,11,13,13,13,13
f3215_34,126,13,13,13,13,13,13,12,13,11,12
f3216_33,120,11,14,10,9,12,12,13,13,13,13
f3217_28,128,12,13,13,13,13,12,13,13,13,13
f3218_23,126,11,13,13,13,13,13,13,13,12,12
f3219_49,128,13,13,12,14,13,13,12,13,13,12
f3220_48,126,13,13,13,12,12,13,13,11,13,13
f3221_05,116,13,13,11,13,11,11,12,13,10,9
f3222_24,118,9,14,12,12,12,12,10,13,12,12
f3223_18,109,11,10,8,11,11,10,11,13,12,12
f3224_05,115,11,18,14,10,10,8,8,12,12,12
f3225_26,127,11,13,13,13,13,12,13,13,13,13
f3226_21,111,12,11,10,13,10,10,12,12,11,10
f3227_14,130,13,13,13,13,13,13,13,13,13,13
f3228_48,128,13,13,11,13,13,13,13,13,13,13
f3229_48,126,12,13,12,13,12,12,13,13,13,13
f3230_21,130,13,13,13,13,13,13,13,13,13,13
f3231_19,119,9,12,13,11,13,13,13,13,11,11
f3232_11,121,10,13,13,12,13,10,11,13,13,13
f3233_02,114,12,15,9,13,9,11,11,12,11,11
f3234_23,126,13,13,12,13,13,12,12,12,13,13
f3235_00,120,12,14,10,12,13,11,13,13,11,11
f3236_26,116,12,16,9,11,9,10,10,14,14,11
f3237_27,107,12,13,10,12,9,6,9,13,10,13
f3238_40,127,12,13,13,13,13,13,12,13,12,13
f3239_36,119,12,16,12,13,12,10,11,13,10,10
f3240_48,79,8,9,2,3,6,6,11,12,12,10
f3241_49,126,13,13,13,12,13,13,13,13,13,10
f3242_19,110,8,13,11,10,12,8,11,12,12,13
f3243_44,130,13,13,13,13,13,13,13,13,13,13
f3244_38,114,10,15,11,10,11,10,13,11,11,12
f3245_09,118,11,11,12,12,13,12,11,13,12,11
f3246_06,120,13,13,12,11,10,13,12,13,12,11
f3247_40,127,12,13,13,12,13,14,13,13,13,11
f3248_19,130,13,13,13,13,13,13,13,13,13,13
f3249_21,131,12,14,13,13,13,13,13,14,13,13
f3250_14,126,12,12,14,12,13,12,13,12,13,13
f3251_33,120,13,14,11,12,13,10,11,13,12,11
f3252_32,129,13,14,13,13,13,13,13,12,12,13
f3253_11,130,13,13,13,13,13,13,13,13,13,13
f3254_32,88,9,12,9,9,9,7,4,13,9,7
f3255_43,108,11,13,9,10,10,8,12,12,12,11
f3256_38,118,13,14,11,10,12,12,13,11,9,13
f3257_17,118,9,13,14,13,10,13,13,9,11,13
f3258_46,124,13,13,12,13,12,12,12,12,13,12
f3259_15,127,13,12,13,12,13,13,13,13,13,12
f3260_09,123,11,14,10,14,12,12,12,13,12,13
f3261_00,128,12,23,13,13,3,12,14,13,12,13
f3262_45,98,6,12,11,9,10,11,8,13,8,10
f3263_08,126,13,13,13,13,13,12,11,13,12,13
f3264_06,126,12,13,13,13,13,11,12,13,13,13
f3265_08,130,12,13,13,13,13,13,14,13,14,12
f3266_12,124,13,14,12,10,12,11,13,13,13,13
f3267_41,122,10,13,13,13,13,11,12,13,12,12
f3268_37,122,12,14,11,13,11,13,12,13,13,10
f3269_06,94,10,13,8,9,10,10,11,4,8,11
f3270_11,117,11,14,11,11,13,10,10,13,12,12
f3271_09,123,13,13,13,12,12,12,12,13,12,11
f3272_48,116,11,13,11,13,12,9,10,13,12,12
f3273_45,123,13,13,13,13,9,13,13,13,12,11
f3274_27,131,14,16,13,13,13,13,12,11,13,13
f3275_40,130,13,13,13,13,13,13,13,13,13,13
f3276_49,130,13,13,13,13,13,13,13,13,13,13
f3277_09,124,13,13,13,13,12,11,11,13,13,12
f3278_33,107,12,12,14,8,11,8,11,13,10,8
f3279_28,128,12,13,13,12,13,13,13,13,13,13
f3280_34,128,13,13,13,12,13,13,12,13,13,13
f3281_27,125,14,16,13,13,12,13,12,10,11,11
f3282_28,117,11,13,14,11,12,12,12,13,10,9
f3283_17,130,13,13,13,13,13,13,13,12,13,14
f3284_38,115,9,12,11,9,11,13,13,14,10,13
f3285_15,128,13,12,13,14,12,13,13,13,12,13
f3286_40,126,11,13,12,13,12,13,13,13,13,13
f3287_41,118,11,14,12,13,12,11,12,11,13,9
f3288_23,130,13,12,14,13,13,13,13,13,13,13
f3289_18,128,12,13,13,13,13,13,12,13,14,12
f3290_01,130,13,13,13,13,13,13,13,13,13,13
f3291_47,101,13,13,11,10,12,5,9,11,8,9
f3292_31,120,11,12,13,13,12,11,12,12,11,13
f3293_30,117,11,15,14,12,14,10,11,10,11,9
f3294_06,128,13,13,13,13,13,13,13,13,12,12
f3295_35,116,12,15,12,13,12,10,9,13,7,13
f3296_35,72,1,11,8,9,8,4,10,6,7,8
f3297_22,122,11,13,12,11,13,12,12,12,13,13
f3298_12,124,12,13,13,13,11,12,11,13,13,13
f3299_12,128,12,13,13,12,13,13,13,13,13,13
f3300_25,128,13,13,14,11,13,12,13,13,13,13
f3301_38,106,11,21,13,11,10,6,3,14,9,8
f3302_29,126,13,13,13,12,13,13,12,13,12,12
f3303_31,127,13,13,13,13,13,13,13,13,11,12
f3304_23,130,13,13,13,13,13,13,13,13,13,13
f3305_28,130,13,13,13,13,13,13,13,13,13,13
f3306_39,122,13,13,12,13,11,11,12,13,11,13
f3307_33,116,14,15,9,11,9,11,10,13,11,13
f3308_03,116,11,12,10,12,10,12,11,13,13,12
f3309_37,124,12,13,12,13,12,12,13,14,12,11
f3310_44,122,12,13,12,13,11,11,12,13,13,12
f3311_03,118,10,12,11,13,13,10,12,13,11,13
f3312_28,111,10,12,13,13,13,7,9,14,9,11
f3313_11,120,12,14,13,12,12,12,9,12,12,12
f3314_25,120,12,13,9,13,12,12,13,13,12,11
f3315_23,112,11,13,10,13,11,10,11,13,7,13
f3316_22,118,11,12,10,12,11,12,13,13,13,11
f3317_25,114,9,13,13,13,11,9,12,11,10,13
f3318_25,124,13,14,10,12,11,13,13,14,13,11
f3319_48,114,10,14,11,12,12,12,11,13,8,11
f3320_18,124,12,13,12,12,12,13,13,13,12,12
f3321_36,130,13,13,13,13,13,13,13,13,13,13
f3322_40,130,13,13,13,13,13,13,13,13,13,13
f3323_10,124,12,13,12,12,13,12,12,13,12,13
f3324_05,128,13,17,12,13,13,13,9,13,12,13
f3325_08,128,13,13,12,12,13,13,13,13,13,13
f3326_06,121,13,13,13,12,13,9,10,13,13,12
f3327_11,130,13,13,13,13,13,13,13,12,13,14
f3328_45,130,13,13,13,13,13,13,13,13,13,13
f3329_30,127,13,14,13,13,13,13,13,13,10,12
f3330_43,127,12,13,13,12,13,12,13,13,13,13
f3331_20,126,12,13,14,12,11,13,13,13,13,12
f3332_19,126,11,13,12,12,13,13,13,13,13,13
f3333_15,132,13,15,14,13,11,13,14,13,13,13
f3334_16,108,7,20,11,11,11,13,7,10,7,11
f3335_15,129,13,13,13,13,13,13,12,13,13,13
f3336_15,116,8,12,11,13,12,12,11,13,13,11
f3337_21,130,13,13,13,13,13,13,13,13,13,13
f3338_15,114,10,13,12,12,12,11,12,10,11,11
f3339_15,106,10,13,7,9,12,8,12,13,11,11
f3340_15,112,9,11,12,12,12,9,12,13,11,11
f3341_29,128,11,13,13,13,13,13,13,13,13,13
f3342_24,130,13,13,13,13,13,13,13,13,13,13
f3343_18,127,13,13,12,13,12,12,13,13,13,13
f3344_26,120,12,12,11,12,13,11,12,12,12,13
f3345_12,126,11,13,14,12,12,13,12,13,13,13
f3346_12,119,10,13,10,13,12,13,12,12,13,11
f3347_47,128,12,11,15,13,12,13,13,13,13,13
f3348_00,119,12,12,10,11,10,13,13,13,13,12
f3349_22,122,11,13,13,13,13,9,11,13,13,13
f3350_11,107,7,13,10,12,10,10,10,13,11,11
f3351_27,130,13,13,13,13,13,13,13,13,13,13
f3352_39,126,12,14,12,13,13,11,12,14,12,13
f3353_33,112,10,11,14,10,9,9,12,14,12,11
f3354_29,128,12,12,13,13,13,13,13,13,13,13
f3355_36,129,13,12,13,13,13,13,13,13,13,13
f3356_11,131,14,14,13,13,13,13,13,13,13,12
f3357_06,122,12,12,13,13,13,8,12,13,13,13
f3358_28,118,12,13,13,11,13,9,13,13,10,11
f3359_42,122,9,10,14,12,12,13,13,13,13,13
f3360_00,128,13,14,12,13,13,12,13,12,13,13
f3361_17,127,12,13,13,13,12,13,13,13,12,13
f3362_03,126,12,12,13,13,11,13,13,13,12,14
f3363_42,100,11,11,8,7,12,10,11,11,9,10
f3364_36,128,13,13,13,13,13,11,13,13,13,13
f3365_46,130,13,13,13,13,13,13,13,13,13,13
f3366_32,129,13,14,13,13,11,14,13,13,13,12
f3367_07,126,13,13,13,13,12,11,12,12,13,14
f3368_37,121,10,14,12,12,12,13,11,13,12,12
f3369_37,128,13,13,13,13,13,12,13,13,12,13
f3370_37,128,12,13,13,13,13,13,12,13,13,13
f3371_34,130,13,13,13,13,13,13,13,13,13,13
f3372_23,124,13,13,12,13,13,13,13,12,9,13
f3373_36,128,13,14,13,14,12,10,13,13,13,13
f3374_38,125,11,13,15,12,12,11,13,12,12,14
f3375_30,130,13,13,13,13,13,13,13,13,13,13
f3376_29,130,13,13,13,13,13,13,13,13,13,13
f3377_11,99,9,14,9,10,10,8,9,11,10,9
f3378_44,126,12,13,13,13,12,13,13,12,13,12
f3379_03,130,13,13,13,13,13,15,11,13,13,13
f3380_04,124,13,13,13,13,13,10,12,13,11,13
f3381_42,101,10,18,8,9,11,6,6,11,13,9
f3382_25,127,13,14,13,12,12,12,13,12,13,13
f3383_24,131,13,16,15,13,10,13,12,13,13,13
f3384_26,106,11,25,8,10,8,6,12,12,9,5
f3385_08,120,9,13,11,13,12,13,12,13,12,12
f3386_27,128,13,13,13,13,13,12,13,13,12,13
f3387_42,125,11,13,12,12,13,13,13,12,13,13
f3388_36,122,12,13,12,11,13,10,12,13,13,13
f3389_44,130,13,13,13,13,13,13,13,13,13,13
f3390_07,128,13,13,12,13,13,12,13,13,13,13
f3391_40,130,13,13,13,13,13,13,13,13,13,13
f3392_06,130,13,13,13,13,13,13,13,13,13,13
f3393_08,118,12,12,10,12,12,10,12,13,13,12
f3394_37,128,13,13,13,12,13,12,13,13,13,13
f3395_44,130,13,13,13,13,13,13,13,13,13,13
f3396_07,126,12,13,13,13,12,12,12,13,13,13
f3397_12,128,13,13,14,13,12,13,12,13,12,13
f3398_06,122,11,17,10,13,11,11,12,12,12,13
f3399_09,119,13,12,15,8,12,12,12,13,12,10
f3400_08,128,12,13,12,13,13,13,13,13,13,13
f3401_42,130,13,13,13,13,13,13,13,13,13,13
f3402_08,129,13,15,13,14,12,12,12,12,13,13
f3403_48,119,10,13,13,12,11,13,12,12,11,12
f3404_40,130,13,13,13,13,13,14,13,13,12,13
f3405_07,125,13,12,12,11,13,13,13,13,12,13
f3406_49,128,13,13,13,13,13,13,13,13,13,11
f3407_40,123,11,14,12,13,12,11,14,12,11,13
f3408_47,120,13,13,13,13,13,9,13,12,10,11
f3409_20,119,11,14,12,12,12,11,13,11,11,12
f3410_19,124,13,13,13,13,13,12,13,13,10,11
f3411_09,128,12,16,15,13,10,13,13,12,12,12
f3412_27,114,9,21,10,9,8,11,11,11,12,12
f3413_34,114,12,13,9,11,12,12,11,13,10,11
f3414_29,126,13,13,11,13,13,12,12,13,13,13
f3415_33,128,13,14,13,12,12,12,13,13,13,13
f3416_28,130,13,13,13,13,13,13,13,13,13,13
f3417_01,123,12,13,11,11,13,13,12,13,12,13
f3418_34,110,11,13,10,13,13,6,10,12,12,10
f3419_33,129,12,14,14,13,13,12,12,13,13,13
f3420_27,128,12,14,13,13,11,13,13,13,13,13
f3421_31,128,13,19,12,14,10,13,13,12,11,11
f3422_32,119,13,10,11,14,13,11,12,12,11,12
f3423_29,117,10,13,11,12,12,12,11,13,12,11
f3424_24,112,10,13,12,13,10,10,10,12,11,11
f3425_47,122,13,14,14,12,11,12,12,10,11,13
f3426_23,107,11,13,11,12,10,9,9,12,7,13
f3427_21,130,13,13,13,13,13,13,13,13,13,13
f3428_02,126,11,13,13,13,12,12,14,13,12,13
f3429_41,130,13,13,13,13,13,13,13,13,13,13
f3430_38,130,13,14,13,13,13,13,13,13,13,12
f3431_32,130,13,15,13,13,12,13,12,13,13,13
f3432_38,121,12,13,13,11,12,10,13,13,11,13
f3433_10,122,12,14,12,13,11,10,12,13,13,12
f3434_00,130,13,13,13,13,13,13,13,13,13,13
f3435_24,116,11,13,12,10,11,13,9,12,13,12
f3436_22,120,12,13,14,10,12,12,13,13,13,8
f3437_17,130,13,13,13,13,13,13,13,13,13,13
f3438_08,126,12,13,13,13,13,12,13,13,11,13
f3439_44,128,13,13,13,13,13,13,11,13,13,13
f3440_33,126,13,13,13,14,13,10,12,13,13,12
f3441_24,130,13,13,13,13,13,13,13,13,13,13
f3442_00,120,13,13,12,12,11,11,12,13,11,12
f3443_42,122,11,13,12,12,13,12,12,12,11,14
f3444_07,130,13,13,13,13,13,13,13,13,13,13
f3445_01,130,13,13,13,13,13,13,13,13,13,13
f3446_10,126,13,13,13,14,11,12,12,13,12,13
f3447_20,128,13,13,13,13,13,12,13,13,12,13
f3448_15,119,7,12,14,12,14,11,13,13,12,11
f3449_11,128,13,13,15,10,13,13,13,12,13,13
f3450_19,129,13,14,12,13,12,13,14,13,12,13
f3451_01,102,10,13,11,7,11,8,12,13,7,10
f3452_13,121,13,13,14,10,12,12,13,12,13,9
f3453_15,126,11,17,13,13,12,11,12,13,13,11
f3454_44,128,13,13,13,13,13,13,13,13,12,12
f3455_32,122,12,12,11,13,13,13,13,13,11,11
f3456_33,131,13,14,13,13,13,13,13,13,13,13
f3457_40,110,9,14,13,11,10,11,10,9,10,13
f3458_26,130,13,13,13,13,13,13,13,13,13,13
f3459_46,130,13,13,13,13,13,13,13,13,13,13
f3460_47,129,14,14,13,13,12,13,12,13,12,13
f3461_23,130,13,13,13,13,13,13,13,13,13,13
f3462_15,126,8,19,11,10,13,14,8,18,12,13
f3463_16,119,13,13,11,11,11,12,12,12,12,12
f3464_12,120,11,13,11,13,10,12,13,13,11,13
f3465_24,126,12,12,12,13,13,12,13,13,13,13
f3466_22,128,12,13,13,12,13,13,13,13,13,13
f3467_12,122,12,12,11,13,13,12,13,12,11,13
f3468_13,128,13,13,13,13,13,12,12,13,13,13
f3469_10,124,13,11,13,13,12,13,13,13,12,11
f3470_24,123,13,14,12,13,11,12,12,11,13,12
f3471_02,117,9,13,13,13,12,12,11,13,10,11
f3472_19,97,8,11,13,8,10,10,11,9,8,9
f3473_21,126,8,19,10,12,11,14,11,18,12,11
f3474_05,122,13,13,11,10,13,11,13,12,13,13
f3475_09,126,13,13,14,13,12,12,13,12,11,13
f3476_46,122,11,13,14,10,11,12,13,14,12,12
f3477_45,126,13,13,10,13,13,13,13,13,12,13
f3478_49,127,13,15,13,12,13,12,11,12,12,14
f3479_08,128,13,13,14,13,13,12,13,12,12,13
f3480_48,130,13,13,13,13,13,13,13,13,13,13
f3481_39,124,13,13,13,11,11,12,13,13,13,12
f3482_33,121,12,16,13,9,11,12,11,13,12,12
f3483_16,126,13,13,13,13,13,12,13,13,11,12
f3484_17,122,9,12,13,13,13,13,13,10,13,13
f3485_45,122,12,12,13,12,13,13,11,13,11,12
f3486_00,126,13,13,13,13,12,11,13,13,13,12
f3487_02,120,10,12,13,13,9,12,12,13,13,13
f3488_35,125,13,14,13,13,9,12,13,13,12,13
f3489_38,108,8,13,11,12,12,8,11,12,11,10
f3490_39,113,12,14,12,11,13,11,13,9,7,11
f3491_31,130,13,13,13,13,13,13,13,13,13,13
f3492_35,125,11,17,11,11,9,12,13,13,14,14
f3493_27,133,13,16,15,13,10,13,14,13,13,13
f3494_34,130,13,13,13,13,13,13,13,13,13,13
f3495_01,131,15,16,13,13,13,13,13,13,12,10
f3496_38,116,12,13,13,9,11,11,13,11,12,11
f3497_42,121,12,15,12,13,13,11,11,11,12,11
f3498_04,126,11,13,13,13,13,12,13,13,13,12
f3499_36,121,13,13,11,12,12,12,12,10,13,13
f3500_08,124,12,13,11,12,13,12,13,12,13,13
f3501_06,128,12,13,13,13,13,12,13,13,13,13
f3502_45,129,11,13,13,12,13,13,13,15,13,13
f3503_07,130,6,21,14,4,13,13,12,22,12,13
f3504_46,128,12,13,13,13,12,13,13,13,13,13
f3505_39,128,11,13,13,13,13,13,13,13,13,13
f3506_22,120,12,13,12,13,10,11,10,13,13,13
f3507_42,122,13,13,12,13,12,10,12,13,11,13
f3508_31,128,13,13,12,13,13,13,13,13,13,12
f3509_42,111,12,12,9,11,11,8,13,13,11,11
f3510_43,126,13,14,13,13,11,13,12,13,12,12
f3511_46,121,12,14,13,13,12,10,8,13,13,13
f3512_31,101,10,12,8,10,8,10,11,10,9,13
f3513_47,131,14,16,13,13,10,13,14,13,12,13
f3514_20,126,12,17,13,11,12,12,13,14,12,10
f3515_26,104,7,12,12,13,11,10,11,13,7,8
f3516_45,124,12,16,13,13,9,11,13,13,12,12
f3517_27,114,13,14,10,12,11,9,11,12,10,12
f3518_46,130,13,13,13,13,13,13,13,13,13,13
f3519_18,101,5,13,10,12,12,10,9,13,7,10
f3520_45,130,13,13,13,13,13,13,13,13,13,13
f3521_09,111,10,13,10,10,12,8,11,13,11,13
f3522_46,130,13,29,14,9,4,14,11,14,13,9
f3523_31,119,11,12,9,15,13,10,13,13,11,12
f3524_43,128,13,13,13,13,13,12,13,13,13,12
f3525_29,115,7,14,10,13,12,11,11,12,12,13
f3526_34,122,13,13,12,13,13,12,11,13,11,11
f3527_33,130,13,13,13,13,13,13,13,13,13,13
f3528_35,124,13,13,12,13,13,9,12,13,13,13
f3529_11,126,13,12,11,13,12,13,13,14,12,13
f3530_32,124,13,13,11,12,13,13,13,13,11,12
f3531_27,116,12,13,11,13,10,12,10,13,11,11
f3532_39,128,13,12,13,13,13,13,13,13,13,12
f3533_31,128,13,13,13,13,13,13,12,13,13,12
f3534_47,115,13,13,9,9,12,13,13,13,10,10
f3535_09,123,13,13,14,12,12,11,11,13,13,11
f3536_49,119,12,12,11,12,10,12,11,13,13,13
f3537_23,103,10,13,12,12,11,5,11,13,6,10
f3538_29,100,9,17,11,9,13,9,7,11,5,9
f3539_44,128,16,13,12,13,13,12,11,13,11,14
f3540_36,121,11,13,13,11,13,13,12,13,12,10
f3541_02,124,13,13,13,11,13,10,12,13,13,13
f3542_00,122,12,13,11,14,12,13,13,12,12,10
f3543_29,130,13,13,13,13,13,12,13,13,14,13
f3544_20,118,12,13,12,12,9,12,11,13,11,13
f3545_06,118,10,15,13,12,13,10,14,11,8,12
f3546_36,126,11,14,11,13,13,13,12,13,13,13
f3547_04,118,11,13,11,11,10,13,13,12,13,11
f3548_40,128,13,13,13,13,11,13,13,13,13,13
f3549_47,127,12,19,13,11,7,12,16,12,12,13
f3550_07,111,12,13,13,10,9,9,10,13,11,11
f3551_12,102,9,13,10,7,13,12,11,10,8,9
f3552_12,130,13,13,13,13,13,13,13,13,13,13
f3553_12,124,10,14,12,12,12,13,14,13,11,13
f3554_18,121,12,13,13,13,12,9,12,13,12,12
f3555_14,127,13,14,12,13,12,12,14,11,13,13
f3556_19,102,9,12,12,11,6,10,10,10,10,12
f3557_12,120,10,13,14,11,13,11,13,11,11,13
f3558_12,123,10,13,13,13,10,13,13,12,13,13
f3559_23,122,12,15,12,10,12,9,13,13,13,13
f3560_17,127,13,12,12,13,13,12,13,14,13,12
f3561_09,122,12,13,11,13,13,12,12,13,12,11
f3562_47,115,12,13,9,11,11,12,13,12,11,11
f3563_46,126,12,14,13,13,12,12,12,13,12,13
f3564_08,124,11,13,13,14,13,11,13,13,10,13
f3565_45,109,12,19,9,11,8,9,11,13,9,8
f3566_36,114,13,17,11,11,7,8,6,15,12,14
f3567_49,123,11,13,13,12,13,13,13,10,12,13
f3568_48,122,11,13,13,13,11,11,12,13,12,13
f3569_18,124,12,12,12,11,12,13,13,13,13,13
f3570_15,119,10,13,13,13,12,11,12,13,10,12
f3571_20,113,13,13,11,10,13,7,11,12,10,13
f3572_03,123,11,16,14,11,11,11,10,13,13,13
f3573_02,100,9,12,11,10,9,9,7,10,10,13
f3574_30,126,13,13,13,13,12,13,11,13,12,13
f3575_04,115,9,13,13,12,12,13,11,13,9,10
f3576_04,130,13,13,13,13,13,13,13,13,13,13
f3577_03,127,12,13,12,14,12,13,13,14,11,13
f3578_27,130,14,14,13,13,13,12,12,13,13,13
f3579_30,130,13,13,13,13,13,13,13,13,13,13
f3580_22,130,13,13,13,13,13,13,13,13,13,13
f3581_23,129,12,13,13,13,13,13,13,13,13,13
f3582_25,128,13,15,13,14,11,11,13,13,12,13
f3583_09,130,13,13,13,14,13,12,13,13,13,13
f3584_47,122,12,13,11,13,13,12,11,12,13,12
f3585_49,130,13,13,13,13,13,13,13,13,13,13
f3586_05,121,13,13,13,13,13,7,12,13,12,12
f3587_27,128,13,12,13,13,13,12,12,14,13,13
f3588_33,128,13,13,11,13,13,13,13,13,13,13
f3589_24,129,13,13,13,13,13,12,13,13,13,13
f3590_03,127,13,13,12,12,13,12,13,11,13,15
f3591_14,122,12,13,8,12,12,13,12,13,14,13
f3592_19,123,12,13,12,13,12,13,14,13,11,10
f3593_26,128,13,13,13,13,13,13,11,13,13,13
f3594_23,120,13,13,9,13,12,12,11,13,12,12
f3595_18,102,11,14,10,11,10,8,11,11,9,7
f3596_19,118,13,13,13,12,13,13,11,12,10,8
f3597_18,128,12,13,13,13,12,13,14,13,13,12
f3598_35,130,13,13,13,13,13,13,13,13,13,13
f3599_19,112,10,13,10,11,13,11,11,11,10,12
f3600_46,126,13,13,11,13,13,13,13,13,13,11
f3601_49,123,13,13,12,13,13,11,12,13,12,11
f3602_12,114,10,12,11,11,13,12,12,12,9,12
f3603_14,125,13,13,14,12,12,13,10,13,12,13
f3604_21,119,8,13,13,13,13,11,12,13,11,12
f3605_17,130,13,13,13,13,13,13,13,13,13,13
f3606_19,85,10,10,10,9,6,9,9,10,4,8
f3607_15,107,10,13,12,12,8,9,11,12,7,13
f3608_13,130,13,13,13,13,13,13,13,13,13,13
f3609_24,131,18,13,13,13,12,13,12,13,11,13
f3610_45,128,13,12,13,13,13,12,13,13,13,13
f3611_14,130,13,13,13,13,13,13,13,13,13,13
f3612_13,128,13,13,13,13,13,12,13,13,13,12
f3613_20,103,10,12,10,11,11,6,10,13,7,13
f3614_06,127,13,14,13,13,13,13,12,12,12,12
f3615_49,130,13,13,13,13,13,13,13,13,13,13
f3616_07,118,11,13,12,10,13,11,11,13,13,11
f3617_43,117,11,13,12,11,9,11,13,13,11,13
f3618_26,125,12,13,13,13,12,12,12,13,12,13
f3619_19,109,10,12,12,11,11,10,8,12,11,12
f3620_07,118,12,13,11,13,12,13,10,13,11,10
f3621_14,130,13,13,13,13,13,13,13,13,13,13
f3622_43,122,12,13,13,11,12,13,11,12,12,13
f3623_42,105,13,11,9,10,9,10,11,13,9,10
f3624_44,122,12,14,13,12,13,12,12,12,12,10
f3625_17,120,11,13,13,12,10,12,13,12,12,12
f3626_35,130,13,13,13,13,13,13,13,13,13,13
f3627_46,127,12,14,13,13,13,12,11,13,13,13
f3628_27,122,13,11,9,13,13,12,13,13,12,13
f3629_19,122,11,13,12,13,10,13,11,13,13,13
f3630_14,117,12,11,11,11,12,10,11,13,13,13
f3631_34,124,11,13,12,13,13,11,13,13,13,12
f3632_10,125,13,13,12,13,12,12,13,13,13,11
f3633_29,128,11,13,13,13,13,13,13,13,13,13
f3634_16,124,11,14,13,13,12,12,12,13,12,12
f3635_09,110,12,11,9,12,12,11,11,10,9,13
f3636_24,104,11,13,10,11,9,9,8,11,10,12
f3637_45,122,12,12,12,13,10,12,13,13,13,12
f3638_42,126,13,13,13,13,12,12,13,13,12,12
f3639_43,130,13,13,13,13,13,13,13,13,13,13
f3640_13,113,9,8,11,11,13,10,12,13,13,13
f3641_13,124,10,13,12,13,13,11,13,13,13,13
f3642_03,72,2,13,12,3,6,8,2,13,3,10
f3643_29,122,10,15,14,13,11,13,12,11,11,12
f3644_26,122,11,13,11,13,11,12,13,12,13,13
f3645_14,113,10,12,11,11,11,8,11,13,13,13
f3646_15,118,12,12,9,12,12,13,11,12,12,13
f3647_13,116,12,14,11,11,11,12,13,12,12,8
f3648_17,126,13,13,12,13,12,13,12,13,13,12
f3649_28,130,13,13,13,13,13,13,13,13,13,13
f3650_20,126,12,13,13,13,13,13,12,13,12,12
f3651_18,124,12,12,11,13,12,13,12,13,13,13
f3652_48,123,12,12,13,12,13,11,11,13,13,13
f3653_40,109,10,13,10,12,9,10,11,12,10,12
f3654_03,126,12,12,13,13,12,13,12,13,13,13
f3655_18,119,10,13,12,13,10,10,13,13,13,12
f3656_42,112,11,12,10,9,11,12,12,12,12,11
f3657_40,124,10,13,13,13,13,13,13,12,11,13
f3658_27,115,14,13,10,11,10,10,10,13,12,12
f3659_25,118,14,13,11,13,13,12,11,13,6,12
f3660_26,108,8,12,10,12,12,9,11,11,12,11
f3661_19,129,12,13,13,13,13,13,13,13,13,13
f3662_24,130,13,13,13,13,13,13,13,13,13,13
f3663_13,123,12,13,13,12,13,12,11,13,12,12
f3664_18,110,9,13,10,12,12,8,11,12,12,11
f3665_22,123,13,14,12,12,12,12,12,13,11,12
f3666_48,115,11,14,13,13,12,9,7,12,12,12
f3667_35,130,13,13,13,13,13,13,13,13,13,13
f3668_33,128,13,13,11,13,13,13,13,13,13,13
f3669_35,126,12,13,12,13,12,12,13,13,13,13
f3670_40,121,10,13,12,13,13,11,12,12,12,13
f3671_04,115,12,13,9,13,12,12,12,12,10,10
f3672_20,126,13,13,12,12,13,12,13,13,12,13
f3673_48,127,13,14,13,12,11,12,13,14,12,13
f3674_32,128,13,13,13,13,13,12,13,13,12,13
f3675_24,126,13,13,13,12,13,11,13,13,13,12
f3676_37,125,12,12,12,13,11,13,13,13,13,13
f3677_29,126,11,13,13,13,13,12,13,13,13,12
f3678_17,129,13,12,13,13,13,13,13,13,13,13
f3679_06,124,11,13,13,12,13,12,12,13,12,13
f3680_36,130,13,13,13,13,13,13,13,13,13,13
f3681_31,116,14,12,11,12,12,9,12,13,10,11
f3682_45,126,12,13,13,13,13,12,12,13,12,13
f3683_06,126,13,17,12,11,9,13,13,12,13,13
f3684_46,130,13,13,13,13,13,13,13,13,13,13
f3685_08,130,13,13,13,13,13,13,13,13,13,13
f3686_49,130,13,13,13,13,13,13,13,13,13,13
f3687_48,123,12,13,11,12,13,13,12,11,13,13
f3688_07,120,12,12,13,13,12,9,11,13,12,13
f3689_09,118,10,12,11,13,13,13,12,13,9,12
f3690_41,117,13,13,13,12,12,11,11,11,11,10
f3691_47,108,12,13,10,11,10,7,13,10,10,12
f3692_49,130,13,13,13,13,13,13,13,13,13,13
f3693_03,114,12,12,9,11,10,11,12,13,11,13
f3694_44,112,10,12,8,10,11,11,13,12,13,12
f3695_42,129,13,12,13,13,13,13,13,13,13,13
f3696_44,57,9,20,3,2,4,4,5,3,5,2
f3697_32,126,12,13,12,13,13,12,12,13,13,13
f3698_01,120,12,15,12,12,7,13,13,14,12,10
f3699_41,116,11,12,13,13,11,9,11,13,11,12
f3700_25,127,12,13,13,13,13,11,13,13,13,13
f3701_44,125,12,13,11,13,13,13,13,14,12,11
f3702_47,122,13,12,9,13,13,12,13,12,13,12
f3703_10,113,11,13,11,11,12,9,13,12,12,9
f3704_45,54,5,10,7,6,3,4,2,8,4,5
f3705_48,104,10,14,9,11,6,9,8,12,12,13
f3706_37,130,13,13,13,13,13,13,13,13,13,13
f3707_32,125,13,14,12,12,14,13,12,11,13,11
f3708_28,130,13,13,13,13,13,13,13,13,13,13
f3709_31,126,13,13,13,13,14,12,13,12,11,12
f3710_43,126,12,14,11,13,12,13,12,13,13,13
f3711_08,115,11,13,9,12,11,12,10,12,12,13
f3712_14,130,13,13,13,13,13,13,13,13,13,13
f3713_40,125,13,13,12,13,13,12,11,13,12,13
f3714_05,117,12,13,10,13,11,12,12,13,9,12
f3715_44,101,10,11,8,9,11,10,10,11,10,11
f3716_43,128,12,12,13,13,13,13,13,13,13,13
f3717_48,128,13,14,12,13,12,12,13,13,13,13
f3718_40,127,13,12,12,13,13,12,13,14,13,12
f3719_06,125,12,13,13,13,12,13,13,11,12,13
f3720_15,80,8,7,8,7,8,9,10,8,9,6
f3721_04,127,15,13,13,13,13,12,12,12,11,13
f3722_39,130,13,13,13,13,13,13,13,13,13,13
f3723_03,129,13,13,13,13,13,12,13,13,13,13
f3724_32,120,13,13,13,13,12,12,10,10,12,12
f3725_39,119,11,13,11,12,11,13,12,13,10,13
f3726_09,104,9,13,10,11,11,9,9,12,8,12
f3727_12,118,9,14,9,13,12,11,11,13,13,13
f3728_28,121,13,13,11,11,13,12,12,13,12,11
f3729_27,129,13,13,13,14,13,11,13,13,13,13
f3730_33,123,13,13,11,12,12,13,12,13,12,12
f3731_07,106,11,13,10,9,11,9,10,11,11,11
f3732_30,126,13,13,13,12,13,12,13,12,12,13
f3733_48,129,13,13,13,13,12,13,13,13,13,13
f3734_01,126,13,13,12,13,12,12,12,13,13,13
f3735_09,123,13,16,13,12,9,12,10,13,12,13
f3736_09,127,12,15,13,13,11,13,13,13,12,12
f3737_46,121,11,19,14,13,8,12,10,13,12,9
f3738_16,121,12,13,12,12,12,10,11,13,13,13
f3739_34,117,8,13,13,13,11,10,12,15,11,11
f3740_01,114,11,13,11,12,11,9,12,12,10,13
f3741_12,110,12,14,11,12,9,10,11,12,9,10
f3742_12,104,7,13,11,9,12,10,11,11,9,11
f3743_12,121,12,13,9,13,10,13,12,13,13,13
f3744_12,126,13,13,13,13,12,11,12,13,13,13
f3745_12,119,11,13,13,10,8,12,13,12,13,14
f3746_12,125,13,13,13,13,9,12,13,13,13,13
f3747_12,71,11,10,4,7,6,4,9,8,4,8
f3748_29,124,13,13,10,13,13,12,13,13,12,12
f3749_27,130,13,13,13,13,13,13,13,13,13,13
f3750_00,126,12,13,13,12,11,13,13,13,14,12
f3751_39,127,12,14,12,13,13,13,12,12,13,13
f3752_35,130,13,13,13,13,13,13,13,13,13,13
f3753_43,126,12,13,13,12,13,13,11,13,13,13
f3754_42,129,12,13,14,12,13,13,13,13,13,13
f3755_33,120,13,13,12,13,12,12,11,12,11,11
f3756_06,129,13,13,13,12,13,13,13,13,13,13
f3757_19,129,13,15,12,13,11,13,14,13,13,12
f3758_19,126,13,13,13,12,13,12,12,14,11,13
f3759_43,118,12,14,12,12,11,11,10,13,12,11
f3760_06,104,9,11,11,13,12,5,7,11,12,13
f3761_12,117,13,12,12,12,11,8,11,14,12,12
f3762_40,113,13,11,11,12,9,11,10,13,13,10
f3763_41,117,11,7,13,11,12,12,12,13,13,13
f3764_37,128,12,13,12,13,13,13,13,13,13,13
f3765_44,128,13,13,13,13,13,12,12,13,13,13
f3766_48,118,11,13,12,12,13,13,11,12,9,12
f3767_45,122,12,14,12,12,10,12,12,13,12,13
f3768_02,126,13,13,11,13,13,12,12,13,13,13
f3769_10,118,12,13,13,12,8,13,12,12,12,11
f3770_21,117,10,13,11,12,12,13,12,11,11,12
f3771_15,130,13,13,13,13,13,13,13,13,13,13
f3772_10,130,13,13,13,13,14,13,13,13,13,12
f3773_14,128,13,12,13,12,13,13,13,13,13,13
f3774_21,120,13,13,11,12,13,9,12,12,12,13
f3775_12,126,11,13,11,13,13,13,13,13,13,13
f3776_05,118,10,13,12,13,10,12,12,13,12,11
f3777_32,126,13,13,13,13,12,10,13,13,13,13
f3778_23,118,12,13,12,13,11,10,13,12,9,13
f3779_49,128,13,13,12,13,13,12,13,13,13,13
f3780_30,126,13,13,11,13,13,12,12,13,13,13
f3781_28,122,11,13,13,10,12,14,11,13,12,13
f3782_00,128,12,13,12,13,13,13,13,13,13,13
f3783_47,130,13,13,13,13,13,13,13,13,13,13
f3784_14,95,8,12,10,6,9,5,10,13,11,11
f3785_26,109,9,14,12,13,12,10,10,12,8,9
f3786_04,120,12,13,7,13,13,13,13,13,11,12
f3787_15,127,12,13,13,13,12,11,14,13,13,13
f3788_14,122,12,13,10,11,12,13,12,13,13,13
f3789_16,125,10,13,13,13,13,13,13,13,11,13
f3790_48,130,13,13,13,13,13,13,13,13,13,13
f3791_09,119,11,12,12,10,12,12,12,13,12,13
f3792_21,112,9,13,12,11,10,12,10,13,10,12
f3793_06,107,9,13,11,12,11,9,10,10,11,11
f3794_17,105,13,14,9,10,12,8,7,13,9,10
f3795_00,116,10,13,13,12,11,11,12,13,10,11
f3796_14,102,13,12,8,13,10,7,10,9,9,11
f3797_07,79,10,17,7,3,11,7,5,8,9,2
f3798_08,118,13,12,12,11,12,11,12,13,10,12
f3799_11,124,13,13,13,13,13,12,12,13,11,11
f3800_17,106,9,14,11,9,11,10,13,9,9,11
f3801_00,127,13,13,13,13,13,11,13,13,13,12
f3802_05,113,10,12,11,13,8,10,12,13,12,12
f3803_39,116,12,12,9,11,10,12,12,13,12,13
f3804_08,125,12,13,12,12,13,12,12,13,13,13
f3805_07,126,13,13,13,13,13,11,11,13,13,13
f3806_01,118,13,13,13,12,13,9,13,9,10,13
f3807_11,130,13,13,13,13,13,13,13,13,13,13
f3808_45,118,9,12,11,12,10,13,13,13,12,13
f3809_17,126,12,13,13,13,13,11,12,13,13,13
f3810_05,115,12,15,13,12,11,11,10,11,11,9
f3811_12,128,12,14,12,13,12,13,13,13,13,13
f3812_06,115,11,13,11,12,7,13,12,11,12,13
f3813_08,115,13,13,13,12,13,8,11,12,10,10
f3814_43,128,12,13,13,13,13,12,13,13,13,13
f3815_34,125,12,13,13,13,13,12,13,13,12,11
f3816_24,126,10,16,14,12,10,12,13,13,13,13
f3817_22,119,12,13,13,13,12,11,12,13,11,9
f3818_27,125,13,12,13,13,12,12,13,12,12,13
f3819_19,108,10,12,11,10,13,7,13,12,9,11
f3820_39,67,11,14,6,5,7,6,6,7,2,3
f3821_06,123,10,17,13,13,9,11,12,13,12,13
f3822_47,128,13,14,12,13,12,13,13,13,12,13
f3823_46,126,12,13,12,12,13,13,13,13,13,12
f3824_05,129,13,13,13,13,13,13,13,12,13,13
f3825_12,115,11,15,11,12,10,9,13,14,11,9
f3826_07,105,10,10,12,12,11,10,10,12,9,9
f3827_08,120,12,13,13,13,9,11,13,12,10,14
f3828_24,130,13,13,13,13,13,13,13,13,13,13
f3829_26,115,12,13,13,12,12,10,9,13,10,11
f3830_48,115,10,12,9,12,12,13,12,13,10,12
f3831_41,130,13,13,13,12,13,13,13,14,13,13
f3832_04,128,12,14,13,12,13,13,13,12,13,13
f3833_03,90,8,12,8,11,6,5,8,12,11,9
f3834_35,130,13,13,13,13,13,13,13,13,13,13
f3835_39,124,13,13,10,12,13,13,11,13,13,13
f3836_27,128,13,13,13,13,12,13,13,12,13,13
f3837_30,126,12,13,13,12,12,13,13,13,12,13
f3838_46,130,13,13,13,13,13,13,13,13,13,13
f3839_11,112,12,13,11,9,13,12,11,10,9,12
f3840_05,130,13,13,13,13,13,13,13,13,13,13
f3841_01,129,12,13,13,13,13,13,13,13,13,13
f3842_45,105,10,12,10,10,10,8,10,13,10,12
f3843_30,127,13,13,13,13,12,12,12,13,13,13
f3844_11,120,11,13,13,11,13,12,11,13,11,12
f3845_39,121,13,12,13,13,8,13,13,11,11,14
f3846_02,116,9,15,11,14,11,10,11,10,13,12
f3847_24,126,12,12,13,13,14,11,13,12,13,13
f3848_28,130,13,13,13,13,13,13,13,13,13,13
f3849_21,127,13,13,13,13,12,12,12,13,13,13
f3850_20,127,13,13,13,13,13,12,11,13,13,13
f3851_19,116,11,12,12,12,12,12,9,13,10,13
f3852_32,123,13,13,12,12,13,12,13,13,11,11
f3853_22,124,11,13,12,13,13,11,12,13,13,13
f3854_08,116,12,13,13,10,13,10,8,12,12,13
f3855_47,111,13,13,11,12,10,8,12,11,10,11
f3856_34,115,12,14,11,13,11,7,11,12,12,12
f3857_01,122,12,13,11,12,12,11,13,13,12,13
f3858_25,130,13,13,13,13,13,13,13,13,13,13
f3859_23,125,11,13,12,13,13,13,13,13,12,12
f3860_20,125,12,13,13,13,13,12,13,12,12,12
f3861_21,130,13,13,13,13,13,13,13,13,13,13
f3862_40,128,12,14,13,13,13,13,12,13,13,12
f3863_30,117,13,13,12,12,12,12,10,12,10,11
f3864_42,126,13,13,12,13,13,12,13,13,12,12
f3865_26,130,13,16,13,13,10,13,13,13,13,13
f3866_43,111,7,14,13,11,10,11,11,10,12,12
f3867_42,119,12,13,13,11,11,11,11,12,13,12
f3868_35,126,13,13,13,13,13,12,13,13,12,11
f3869_23,127,13,13,12,12,13,13,13,13,12,13
f3870_03,120,12,13,12,12,10,12,11,13,12,13
f3871_42,128,13,13,13,13,12,13,12,13,13,13
f3872_39,130,13,13,13,13,13,13,13,13,13,13
f3873_37,130,13,14,13,13,12,13,13,13,13,13
f3874_15,125,13,12,13,12,12,13,12,13,12,13
f3875_35,125,13,13,12,11,13,11,13,13,13,13
f3876_02,130,13,13,13,13,13,13,13,13,13,13
f3877_11,120,11,12,11,13,12,11,11,13,13,13
f3878_43,118,12,14,13,13,13,13,12,12,8,8
f3879_35,126,12,14,13,13,13,13,13,11,12,12
f3880_29,119,12,15,11,9,14,11,10,12,13,12
f3881_31,110,9,12,12,12,13,10,8,14,9,11
f3882_22,115,12,13,13,11,9,9,11,13,11,13
f3883_18,128,13,13,12,13,13,13,12,13,13,13
f3884_40,122,12,13,13,13,11,11,11,13,12,13
f3885_04,129,13,13,13,13,13,12,13,13,13,13
f3886_02,119,11,12,12,13,10,12,13,13,11,12
f3887_39,128,12,13,13,13,13,13,12,13,13,13
f3888_32,106,12,12,10,12,8,11,12,8,9,12
f3889_26,124,12,13,12,13,13,12,10,13,13,13
f3890_40,130,13,14,13,13,12,13,13,13,13,13
f3891_31,130,13,24,13,13,3,11,14,13,13,13
f3892_07,129,13,14,13,13,13,13,13,12,13,12
f3893_01,116,10,13,13,12,13,10,11,12,11,11
f3894_37,121,13,12,13,10,12,11,12,13,12,13
f3895_38,129,12,13,13,13,13,13,13,13,13,13
f3896_07,127,13,14,13,12,13,13,13,12,13,11
f3897_45,127,12,13,13,14,12,12,13,13,12,13
f3898_28,128,14,14,12,13,13,13,12,13,12,12
f3899_30,128,13,13,13,14,12,11,13,13,13,13
f3900_35,124,13,13,13,13,12,10,11,13,13,13
f3901_45,77,9,12,7,9,6,3,7,9,6,9
f3902_40,130,13,13,13,13,13,13,13,13,13,13
f3903_05,115,13,13,9,12,10,11,12,13,10,12
f3904_45,101,10,15,7,10,9,10,8,9,12,11
f3905_45,118,12,13,12,11,8,13,10,13,13,13
f3906_44,130,13,13,13,13,13,13,14,13,12,13
f3907_43,118,11,15,13,12,10,9,12,13,10,13
f3908_41,129,13,13,13,13,12,13,13,13,13,13
f3909_46,116,10,13,13,11,9,11,12,13,12,12
f3910_30,117,9,15,12,12,11,12,11,13,11,11
f3911_34,126,11,13,13,12,13,12,13,12,13,14
f3912_15,128,13,13,12,12,13,13,13,13,13,13
f3913_01,118,10,13,11,13,13,9,13,12,11,13
f3914_30,130,13,13,13,13,13,13,13,13,13,13
f3915_05,120,13,18,12,13,8,9,13,12,11,11
f3916_23,128,12,13,13,13,13,12,13,13,13,13
f3917_03,129,12,13,13,13,13,13,13,13,13,13
f3918_03,147,13,14,15,14,14,14,18,14,16,15
f3919_18,126,13,13,13,13,13,13,13,12,12,11
f3920_08,82,9,9,9,11,9,4,8,6,8,9
f3921_41,124,13,13,13,13,13,11,13,13,11,11
f3922_38,115,11,12,13,13,10,12,10,12,10,12
f3923_00,118,11,13,11,12,13,10,12,12,12,12
f3924_24,124,12,13,13,13,11,12,11,13,13,13
f3925_41,128,13,13,12,13,13,13,12,13,13,13
f3926_17,128,13,13,13,13,13,13,13,13,12,12
f3927_00,122,10,14,12,11,13,12,12,12,13,13
f3928_39,122,11,13,13,12,13,9,12,13,13,13
f3929_28,90,9,13,8,10,7,13,8,11,7,4
f3930_25,125,12,19,13,13,10,13,14,10,11,10
f3931_13,107,10,13,10,13,8,9,9,10,13,12
f3932_35,119,12,13,11,12,11,11,12,12,12,13
f3933_30,127,12,13,13,13,13,11,13,13,13,13
f3934_45,115,13,13,12,13,8,10,11,13,10,12
f3935_48,120,13,13,12,12,13,10,12,13,12,10
f3936_41,127,12,14,14,12,12,12,13,13,13,12
f3937_40,120,13,13,13,13,12,9,12,13,11,11
f3938_46,120,10,14,13,13,11,10,13,13,12,11
f3939_49,130,13,13,13,13,13,13,13,13,13,13
f3940_26,116,12,13,10,11,12,10,12,14,10,12
f3941_08,114,12,13,9,10,13,9,12,11,12,13
f3942_06,130,13,14,13,13,13,13,13,13,13,12
f3943_12,128,12,13,12,13,13,13,13,13,13,13
f3944_02,96,7,13,10,13,12,9,5,12,7,8
f3945_00,130,13,13,13,13,13,13,13,13,13,13
f3946_04,125,13,13,13,11,13,11,12,13,13,13
f3947_36,124,12,13,12,13,13,10,12,13,13,13
f3948_41,113,13,13,12,12,11,9,10,12,10,11
f3949_09,126,13,13,13,13,13,13,12,11,13,12
f3950_44,123,12,13,12,13,13,12,12,13,12,11
f3951_33,123,12,12,12,13,13,11,12,13,12,13
f3951_47,90,12,13,9,7,9,8,12,8,7,5
f3952_40,123,13,13,12,12,12,11,12,13,12,13
f3953_28,122,13,13,12,12,13,10,11,14,12,12
f3954_30,130,13,13,13,13,13,12,13,13,14,13
f3955_03,124,13,13,13,13,12,13,11,12,13,11
f3956_26,117,13,17,12,13,12,9,7,12,12,10
f3957_18,122,12,11,12,13,13,12,13,13,12,11
f3958_42,128,12,13,13,13,12,13,13,13,13,13
f3960_19,131,13,16,13,13,11,13,13,13,13,13
f3961_03,122,13,13,12,13,12,9,12,13,12,13
f3962_36,124,13,13,13,13,13,12,11,13,11,12
f3963_34,129,11,14,13,13,14,13,13,12,13,13
f3964_40,113,10,13,12,13,13,7,8,13,13,11
f3965_14,114,10,10,13,12,11,11,14,12,10,11
f3966_01,123,12,13,13,13,12,12,13,13,9,13
f3967_43,101,8,14,13,8,12,7,10,12,8,9
f3968_18,130,13,17,13,13,11,13,13,12,13,12
f3969_02,127,13,14,13,12,12,13,13,12,12,13
f3970_25,130,13,13,13,13,13,13,13,13,13,13
f3971_41,124,12,13,13,13,12,9,13,13,13,13
f3972_19,121,10,13,12,13,13,11,11,13,12,13
f3973_27,127,12,13,13,13,12,13,13,13,13,12
f3974_03,127,13,14,13,13,12,12,13,13,12,12
f3975_15,129,13,14,13,10,13,13,12,15,13,13
f3976_36,130,13,13,13,13,13,13,13,13,13,13
f3977_39,128,13,13,13,11,13,13,13,13,13,13
f3978_35,129,13,13,13,12,13,13,13,13,13,13
f3979_36,123,12,14,12,12,12,13,13,12,11,12
f3980_34,114,9,13,11,10,11,13,9,13,12,13
f3981_38,123,11,13,11,12,13,12,13,13,12,13
f3982_48,117,11,15,12,9,13,12,9,12,12,12
f3983_27,110,12,11,10,11,8,10,11,13,11,13
f3984_32,124,13,8,12,13,10,13,12,17,13,13
f3985_04,127,11,13,13,13,12,12,13,13,13,14
f3986_31,128,11,13,13,13,13,13,13,13,13,13
f3987_13,130,13,13,13,13,13,13,13,13,13,13
f3988_14,115,11,12,12,13,13,11,8,13,10,12
f3989_21,124,12,13,11,13,12,12,13,13,12,13
f3990_02,128,13,13,13,13,13,13,13,13,12,12
f3991_38,125,12,13,11,12,13,12,13,13,13,13
f3992_46,104,9,13,12,8,11,10,11,12,9,9
f3993_05,128,13,14,13,13,12,12,13,12,13,13
f3994_27,120,11,13,11,13,13,10,13,13,11,12
f3995_18,89,7,10,8,10,5,8,9,12,8,12
f3996_02,112,12,14,13,13,10,8,8,13,10,11
f3997_45,121,13,13,13,12,13,8,13,13,11,12
f3998_40,116,10,13,12,11,12,12,8,12,13,13
f3999_42,103,7,10,6,11,12,10,13,13,12,9
f4000_40,128,13,13,13,13,12,13,12,13,13,13
f4001_45,129,13,13,13,13,13,13,12,13,13,13
f4002_46,130,13,13,13,13,13,13,13,13,13,13
f4003_07,110,12,13,9,10,10,8,9,13,13,13
f4004_35,129,12,13,13,13,13,13,13,13,13,13
f4005_01,129,14,15,13,13,13,13,11,13,11,13
f4006_12,128,12,14,12,13,13,13,13,12,13,13
f4007_21,130,13,13,13,13,13,13,13,13,13,13
f4008_34,115,13,13,10,12,14,9,10,13,12,9
f4009_27,128,14,14,14,12,12,11,12,13,13,13
f4010_12,119,12,13,12,12,13,10,12,12,11,12
f4011_12,128,13,13,13,13,11,13,13,13,13,13
f4012_13,122,11,13,13,13,12,9,12,13,13,13
f4013_32,130,13,15,13,13,12,13,13,12,13,13
f4014_43,125,11,13,12,13,12,12,13,13,13,13
f4015_05,115,14,18,13,12,12,10,8,12,8,8
f4016_16,123,10,13,13,13,13,9,13,13,13,13
f4017_11,110,8,13,9,12,11,10,11,13,10,13
f4018_10,130,13,13,13,13,13,13,13,13,13,13
f4019_00,118,12,13,13,10,10,12,12,12,12,12
f4020_15,128,13,13,12,13,13,12,13,13,13,13
f4021_01,130,13,13,13,13,13,13,13,13,13,13
f4022_12,90,7,12,13,8,10,6,7,11,7,9
f4023_00,117,10,13,11,12,13,9,12,13,12,12
f4024_12,123,12,14,12,13,13,10,11,13,12,13
f4025_17,128,13,13,13,13,13,12,13,13,12,13
f4026_43,130,13,13,13,14,13,13,13,13,13,12
f4027_34,116,12,13,11,10,11,11,10,13,12,13
f4028_44,122,12,13,10,13,13,12,11,13,12,13
f4029_29,127,13,13,13,13,13,13,13,13,12,11
f4030_29,105,10,12,10,11,10,11,10,8,12,11
f4031_33,128,12,13,13,13,13,13,13,13,13,12
f4032_33,121,13,12,12,13,13,10,10,13,13,12
f4033_05,116,11,13,12,11,13,11,10,13,10,12
f4034_28,126,12,12,13,13,13,12,13,13,12,13
f4035_29,123,11,13,13,12,13,12,13,13,11,12
f4036_01,127,12,16,12,13,11,13,12,12,13,13
f4037_48,125,12,13,13,12,12,11,13,13,13,13
f4038_15,127,12,13,13,13,13,12,13,13,12,13
f4039_48,117,12,16,13,10,11,12,10,13,9,11
f4040_28,126,12,13,13,13,13,12,13,13,12,12
f4041_39,128,13,13,13,13,11,13,13,13,13,13
f4042_33,119,12,13,12,11,11,10,12,12,13,13
f4043_08,59,3,9,6,4,6,8,4,9,4,6
f4044_44,115,12,13,11,12,11,11,13,12,10,10
f4045_31,126,13,12,13,13,12,12,13,13,13,12
f4046_46,117,11,11,13,12,11,11,13,13,12,10
f4047_15,130,13,13,13,13,13,13,13,13,13,13
f4048_24,106,10,13,12,11,8,8,7,13,12,12
f4049_18,130,13,13,13,13,13,13,13,13,13,13
f4050_05,101,11,13,6,8,12,9,12,11,11,8
f4051_49,108,10,13,12,9,10,11,10,12,10,11
f4052_33,121,13,14,13,12,12,10,10,13,13,11
f4053_14,101,7,13,11,12,8,11,7,13,9,10
f4054_12,107,11,14,12,9,9,7,11,12,12,10
f4055_44,124,13,13,12,12,11,12,12,13,13,13
f4056_41,130,13,13,13,13,13,13,13,13,13,13
f4057_40,126,11,13,12,13,13,13,12,13,13,13
f4058_09,110,10,19,12,10,8,8,12,13,8,10
f4059_48,122,13,13,11,13,11,10,12,13,13,13
f4060_46,121,11,13,12,13,13,13,13,10,12,11
f4061_16,121,15,24,13,9,10,9,6,12,11,12
f4062_17,128,13,13,13,13,12,13,13,13,12,13
f4063_09,119,13,13,11,10,12,11,12,13,11,13
f4064_46,75,7,13,6,4,8,4,9,9,9,6
f4065_47,126,12,12,12,13,13,13,13,13,13,12
f4066_22,126,13,13,13,12,13,12,12,13,12,13
f4067_23,130,13,13,13,13,13,13,13,13,13,13
f4068_21,106,8,17,9,8,13,8,9,16,7,11
f4069_03,119,11,13,11,11,13,12,12,12,11,13
f4070_43,112,8,13,13,11,12,7,11,13,11,13
f4071_32,115,7,13,12,13,10,12,12,11,13,12
f4072_44,127,13,13,13,13,13,10,13,13,13,13
f4073_38,127,13,13,13,12,13,13,13,12,13,12
f4074_12,94,9,13,8,7,12,12,8,12,7,6
f4075_12,130,13,13,13,13,13,13,13,13,13,13
f4076_42,126,13,16,13,11,10,12,13,13,12,13
f4077_42,123,12,12,11,12,13,13,13,13,12,12
f4078_05,124,12,13,13,12,13,11,11,13,13,13
f4079_43,100,9,13,10,10,5,9,11,12,10,11
f4080_22,129,13,13,12,13,13,13,13,13,13,13
f4081_24,130,13,13,13,13,13,13,13,13,13,13
f4082_29,121,12,10,13,13,13,10,12,13,12,13
f4083_30,115,13,19,12,12,7,6,9,13,11,13
f4084_14,126,12,14,13,13,12,11,12,13,13,13
f4085_42,115,10,13,13,12,12,9,12,13,10,11
f4086_36,118,12,15,9,13,13,11,12,13,10,10
f4087_40,111,11,11,11,9,12,14,13,10,11,9
f4088_26,127,11,13,13,13,11,13,13,13,13,14
f4089_12,122,12,13,12,13,11,10,12,13,13,13
f4090_35,124,12,13,12,13,12,11,13,13,13,12
f4091_23,120,11,13,11,10,13,11,13,13,13,12
f4092_24,111,11,13,11,13,12,8,9,12,11,11
f4093_35,116,12,13,11,11,12,12,11,12,12,10
f4094_49,104,12,13,4,9,9,10,10,13,11,13
f4095_43,126,12,14,13,15,12,9,13,13,13,12
f4096_14,125,13,13,13,13,13,13,11,13,11,12
f4097_41,95,10,17,9,10,5,8,7,12,8,9
f4098_19,101,8,18,12,5,7,9,13,10,10,9
f4099_10,128,12,13,13,13,13,11,14,13,13,13
